Sr. No.,Company,Symbol,Name,"Market Capitalisation 
(In lakhs)",Pink,Top,Instrument
1,RELIANCE,RELIANCE.NS,Reliance Industries Limited,"70,603,579",1,1,738561
2,TCS,TCS.NS,Tata Consultancy Services Limited,"68,522,297",1,1,2953217
3,HINDUNILVR,HINDUNILVR.NS,Hindustan Unilever Limited,"49,758,412",1,1,356865
4,HDFCBANK,HDFCBANK.NS,HDFC Bank Limited,"47,248,232",1,1,341249
5,HDFC,HDFC.NS,Housing Development Finance Corporation Limited,"28,235,708",0,0,340481
6,INFY,INFY.NS,Infosys Limited,"27,320,750",1,1,408065
7,KOTAKBANK,KOTAKBANK.NS,Kotak Mahindra Bank Limited,"24,786,522",1,1,492033
8,BHARTIARTL,BHARTIARTL.NS,Bharti Airtel Limited,"24,053,552",1,1,2714625
9,ITC,ITC.NS,ITC Limited,"21,105,761",0,0,424961
10,ICICIBANK,ICICIBANK.NS,ICICI Bank Limited,"20,954,333",1,1,1270529
11,SBIN,SBIN.NS,State Bank of India,"17,568,098",1,1,779521
12,ASIANPAINT,ASIANPAINT.NS,Asian Paints Limited,"15,985,031",1,1,60417
13,DMART,DMART.NS,Avenue Supermarts Limited,"14,170,071",0,0,5097729
14,BAJFINANCE,BAJFINANCE.NS,Bajaj Finance Limited,"13,332,226",1,1,81153
15,MARUTI,MARUTI.NS,Maruti Suzuki India Limited,"12,954,099",1,1,2815745
16,HCLTECH,HCLTECH.NS,HCL Technologies Limited,"11,842,434",1,1,1850625
17,LT,LT.NS,Larsen & Toubro Limited,"11,349,263",1,1,2939649
18,WIPRO,WIPRO.NS,Wipro Limited,"11,237,966",1,1,969473
19,AXISBANK,AXISBANK.NS,Axis Bank Limited,"10,691,225",0,0,1510401
20,ULTRACEMCO,ULTRACEMCO.NS,UltraTech Cement Limited,"9,365,399",0,0,2952193
21,HDFCLIFE,HDFCLIFE.NS,HDFC Life Insurance Company Limited,"8,907,273",0,0,119553
22,COALINDIA,COALINDIA.NS,Coal India Limited,"8,630,901",1,1,5215745
23,ONGC,ONGC.NS,Oil & Natural Gas Corporation Limited,"8,592,331",1,1,633601
24,SUNPHARMA,SUNPHARMA.NS,Sun Pharmaceutical Industries Limited,"8,452,857",1,1,857857
25,NTPC,NTPC.NS,NTPC Limited,"8,331,217",1,1,2977281
26,POWERGRID,POWERGRID.NS,Power Grid Corporation of India Limited,"8,323,459",1,1,3834113
27,TITAN,TITAN.NS,Titan Company Limited,"8,289,259",1,1,897537
28,DABUR,DABUR.NS,Dabur India Limited,"7,952,671",0,0,197633
29,IOC,IOC.NS,Indian Oil Corporation Limited,"7,686,661",1,1,415745
30,BAJAJFINSV,BAJAJFINSV.NS,Bajaj Finserv Limited,"7,306,311",1,1,4268801
31,PIDILITIND,PIDILITIND.NS,Pidilite Industries Limited,"6,890,482",0,0,681985
32,BPCL,BPCL.NS,Bharat Petroleum Corporation Limited,"6,874,362",1,1,134657
33,HINDZINC,HINDZINC.NS,Hindustan Zinc Limited,"6,566,146",0,0,364545
34,BRITANNIA,BRITANNIA.NS,Britannia Industries Limited,"6,466,072",1,1,140033
35,SBILIFE,SBILIFE.NS,SBI Life Insurance Company Limited,"6,410,000",0,0,5582849
36,SHREECEM,SHREECEM.NS,SHREE CEMENT LIMITED,"6,330,854",0,0,794369
37,BAJAJ-AUTO,BAJAJ-AUTO.NS,Bajaj Auto Limited,"5,852,014",1,1,4267265
38,SBICARD,SBICARD.NS,SBI Cards and Payment Services Limited,"5,808,856",0,0,4600577
39,TECHM,TECHM.NS,Tech Mahindra Limited,"5,461,323",1,1,3465729
40,GODREJCP,GODREJCP.NS,Godrej Consumer Products Limited,"5,324,704",0,0,2585345
41,DIVISLAB,DIVISLAB.NS,Divi's Laboratories Limited,"5,280,303",0,0,2800641
42,DRREDDY,DRREDDY.NS,Dr. Reddy's Laboratories Limited,"5,185,536",1,1,225537
43,ICICIPRULI,ICICIPRULI.NS,ICICI Prudential Life Insurance Company Limited,"5,107,327",0,0,4774913
44,ADANIPORTS,ADANIPORTS.NS,Adani Ports and Special Economic Zone Limited,"5,105,792",1,1,3861249
45,ICICIGI,ICICIGI.NS,ICICI Lombard General Insurance Company Limited,"4,915,348",0,0,5573121
46,BERGEPAINT,BERGEPAINT.NS,Berger Paints (I) Limited,"4,835,740",0,0,103425
47,HDFCAMC,HDFCAMC.NS,HDFC Asset Management Company Limited,"4,492,424",0,0,1086465
49,INDIGO,INDIGO.NS,InterGlobe Aviation Limited,"4,102,506",1,1,2865921
50,SIEMENS,SIEMENS.NS,Siemens Limited,"3,965,043",0,0,806401
51,EICHERMOT,EICHERMOT.NS,Eicher Motors Limited,"3,575,779",0,0,232961
52,MARICO,MARICO.NS,Marico Limited,"3,548,161",0,0,1041153
53,M&M,M&M.NS,Mahindra & Mahindra Limited,"3,542,477",1,1,519937
54,JSWSTEEL,JSWSTEEL.NS,JSW Steel Limited,"3,535,185",1,1,3001089
55,MCDOWELL-N,MCDOWELL-N.NS,United Spirits Limited,"3,521,291",0,0,2674433
56,GAIL,GAIL.NS,GAIL (India) Limited,"3,452,514",1,1,1207553
57,CIPLA,CIPLA.NS,Cipla Limited,"3,409,166",1,1,177665
58,COLPAL,COLPAL.NS,Colgate Palmolive (India) Limited,"3,407,164",0,0,3876097
59,DLF,DLF.NS,DLF Limited,"3,402,321",0,0,3771393
60,TORNTPHARM,TORNTPHARM.NS,Torrent Pharmaceuticals Limited,"3,336,734",0,0,900609
61,PGHH,PGHH.NS,Procter & Gamble Hygiene and Health Care Limited,"3,333,507",0,0,648961
62,BANDHANBNK,BANDHANBNK.NS,Bandhan Bank Limited,"3,280,820",1,1,579329
63,BIOCON,BIOCON.NS,Biocon Limited,"3,246,600",0,0,2911489
64,HEROMOTOCO,HEROMOTOCO.NS,Hero MotoCorp Limited,"3,188,739",1,1,345089
65,GRASIM,GRASIM.NS,Grasim Industries Limited,"3,131,781",0,0,315393
66,AMBUJACEM,AMBUJACEM.NS,Ambuja Cements Limited,"3,091,650",0,0,325121
67,TATASTEEL,TATASTEEL.NS,Tata Steel Limited,"3,037,016",1,1,895745
68,HAVELLS,HAVELLS.NS,Havells India Limited,"3,006,670",0,0,2513665
69,PETRONET,PETRONET.NS,Petronet LNG Limited,"2,995,500",0,0,2905857
71,HINDPETRO,HINDPETRO.NS,Hindustan Petroleum Corporation Limited,"2,896,787",0,0,359937
72,YESBANK,YESBANK.NS,Yes Bank Limited,"2,817,581",0,1,3050241
73,ALKEM,ALKEM.NS,Alkem Laboratories Limited,"2,780,903",0,0,2995969
74,BOSCHLTD,BOSCHLTD.NS,Bosch Limited,"2,771,090",0,0,558337
75,CADILAHC,CADILAHC.NS,Cadila Healthcare Limited,"2,735,952",0,0,2029825
76,IGL,IGL.NS,Indraprastha Gas Limited,"2,715,653",0,0,2883073
77,LUPIN,LUPIN.NS,Lupin Limited,"2,669,907",0,0,2672641
78,UPL,UPL.NS,UPL Limited,"2,494,608",1,1,2889473
79,NAUKRI,NAUKRI.NS,Info Edge (India) Limited,"2,489,195",0,0,3520257
80,LTI,LTI.NS,Larsen & Toubro Infotech Limited,"2,486,562",0,0,4561409
81,BANKBARODA,BANKBARODA.NS,Bank of Baroda,"2,474,313",0,0,1195009
82,MRF,MRF.NS,MRF Limited,"2,466,837",0,0,582913
83,MUTHOOTFIN,MUTHOOTFIN.NS,Muthoot Finance Limited,"2,457,901",0,0,6054401
84,NMDC,NMDC.NS,NMDC Limited,"2,449,480",0,0,3924993
85,INDUSINDBK,INDUSINDBK.NS,IndusInd Bank Limited,"2,436,375",1,1,1346049
86,UBL,UBL.NS,United Breweries Limited,"2,429,487",0,0,4278529
87,PFC,PFC.NS,Power Finance Corporation Limited,"2,427,555",0,0,3660545
88,AUROPHARMA,AUROPHARMA.NS,Aurobindo Pharma Limited,"2,420,805",0,0,70401
89,VEDL,VEDL.NS,Vedanta Limited,"2,405,026",1,1,784129
90,ADANIGREEN,ADANIGREEN.NS,Adani Green Energy Limited,"2,396,852",0,1,912129
91,WHIRLPOOL,WHIRLPOOL.NS,Whirlpool of India Limited,"2,307,672",0,0,4610817
92,HONAUT,HONAUT.NS,Honeywell Automation India Limited,"2,289,123",0,0,874753
93,TATAMOTORS,TATAMOTORS.NS,Tata Motors Limited,"2,194,716",1,1,884737
94,PNB,PNB.NS,Punjab National Bank,"2,179,603",0,0,2730497
95,HINDALCO,HINDALCO.NS,Hindalco Industries Limited,"2,149,482",1,1,348929
96,GLAXO,GLAXO.NS,GlaxoSmithKline Pharmaceuticals Limited,"2,130,111",0,0,295169
97,3MINDIA,3MINDIA.NS,3M India Limited,"2,120,982",0,0,121345
98,PEL,PEL.NS,Piramal Enterprises Limited,"2,119,007",0,0,617473
99,KANSAINER,KANSAINER.NS,Kansai Nerolac Paints Limited,"2,088,044",0,0,306177
100,ADANITRANS,ADANITRANS.NS,Adani Transmission Limited,"2,079,191",0,0,2615553
101,CONCOR,CONCOR.NS,Container Corporation of India Limited,"2,020,725",0,0,1215745
102,NHPC,NHPC.NS,NHPC Limited,"2,003,984",0,0,4454401
103,IDBI,IDBI.NS,IDBI Bank Limited,"2,003,455",0,0,377857
104,BAJAJHLDNG,BAJAJHLDNG.NS,Bajaj Holdings & Investment Limited,"2,001,669",0,1,78081
105,ABB,ABB.NS,ABB India Limited,"1,982,191",0,0,3329
106,JUBLFOOD,JUBLFOOD.NS,Jubilant Foodworks Limited,"1,941,858",1,1,4632577
107,MOTHERSUMI,MOTHERSUMI.NS,Motherson Sumi Systems Limited,"1,927,919",0,0,1076225
108,PAGEIND,PAGEIND.NS,Page Industries Limited,"1,892,087",0,0,3689729
109,TATACONSUM,TATACONSUM.NS,TATA CONSUMER PRODUCTS LIMITED,"1,860,886",1,1,878593
110,NIACL,NIACL.NS,The New India Assurance Company Limited,"1,850,704",0,0,102145
111,GICRE,GICRE.NS,General Insurance Corporation of India,"1,845,629",0,0,70913
112,PFIZER,PFIZER.NS,Pfizer Limited,"1,840,431",0,0,676609
113,ACC,ACC.NS,ACC Limited,"1,818,720",0,0,5633
114,BEL,BEL.NS,Bharat Electronics Limited,"1,814,043",0,0,98049
115,GILLETTE,GILLETTE.NS,Gillette India Limited,"1,782,444",0,0,403457
116,IPCALAB,IPCALAB.NS,IPCA Laboratories Limited,"1,759,137",0,0,418049
117,RECLTD,RECLTD.NS,REC Limited,"1,752,740",0,0,3930881
118,HAL,HAL.NS,Hindustan Aeronautics Limited,"1,739,818",0,0,589569
119,OFSS,OFSS.NS,Oracle Financial Services Software Limited,"1,737,325",0,0,2748929
120,TRENT,TRENT.NS,Trent Limited,"1,721,804",0,0,502785
121,RAJESHEXPO,RAJESHEXPO.NS,Rajesh Exports Limited,"1,616,991",0,0,1894657
122,PIIND,PIIND.NS,PI Industries Limited,"1,615,933",0,0,6191105
123,SRF,SRF.NS,SRF Limited,"1,599,855",0,0,837889
124,COROMANDEL,COROMANDEL.NS,Coromandel International Limited,"1,598,536",0,0,189185
125,GUJGASLTD,GUJGASLTD.NS,Gujarat Gas Limited,"1,589,149",0,1,2713345
126,APOLLOHOSP,APOLLOHOSP.NS,Apollo Hospitals Enterprise Limited,"1,584,705",0,0,40193
127,BATAINDIA,BATAINDIA.NS,Bata India Limited,"1,582,303",0,0,94977
128,VOLTAS,VOLTAS.NS,Voltas Limited,"1,577,989",0,0,951809
129,IRCTC,IRCTC.NS,Indian Railway Catering And Tourism Corporation Limited,"1,572,080",0,0,3484417
130,BALKRISIND,BALKRISIND.NS,Balkrishna Industries Limited,"1,530,396",0,0,85761
131,VBL,VBL.NS,Varun Beverages Limited,"1,528,462",0,0,4843777
132,NAM-INDIA,NAM-INDIA.NS,Nippon Life India Asset Management Limited,"1,525,197",0,0,91393
133,GODREJPROP,GODREJPROP.NS,Godrej Properties Limited,"1,520,331",0,0,4576001
134,ADANIENT,ADANIENT.NS,Adani Enterprises Limited,"1,513,339",0,0,6401
135,SRTRANSFIN,SRTRANSFIN.NS,Shriram Transport Finance Company Limited,"1,498,901",0,0,1102337
136,RELAXO,RELAXO.NS,Relaxo Footwears Limited,"1,486,872",0,0,6201601
137,AUBANK,AUBANK.NS,AU Small Finance Bank Limited,"1,483,255",0,0,5436929
138,SANOFI,SANOFI.NS,Sanofi India Limited,"1,440,185",0,1,369153
139,TVSMOTOR,TVSMOTOR.NS,TVS Motor Company Limited,"1,413,622",0,0,2170625
140,ASTRAL,ASTRAL.NS,Astral Poly Technik Limited,"1,411,479",0,0,3691009
141,MINDTREE,MINDTREE.NS,MindTree Limited,"1,363,805",0,0,3675137
142,TORNTPOWER,TORNTPOWER.NS,Torrent Power Limited,"1,341,161",0,0,3529217
143,SUNDARMFIN,SUNDARMFIN.NS,Sundaram Finance Limited,"1,336,857",0,0,854785
144,AARTIIND,AARTIIND.NS,Aarti Industries Limited,"1,335,943",0,0,1793
145,AIAENG,AIAENG.NS,AIA Engineering Limited,"1,314,119",0,0,3350017
146,CROMPTON,CROMPTON.NS,Crompton Greaves Consumer Electricals Limited,"1,309,650",0,0,4376065
147,ASHOKLEY,ASHOKLEY.NS,Ashok Leyland Limited,"1,263,744",0,0,54273
148,MPHASIS,MPHASIS.NS,MphasiS Limited,"1,238,798",0,0,1152769
149,LTTS,LTTS.NS,L&T Technology Services Limited,"1,211,695",0,0,4752385
150,RAMCOCEM,RAMCOCEM.NS,The Ramco Cements Limited,"1,208,156",0,0,523009
151,OBEROIRLTY,OBEROIRLTY.NS,Oberoi Realty Limited,"1,206,250",0,0,5181953
152,CHOLAFIN,CHOLAFIN.NS,Cholamandalam Investment and Finance Company Limited,"1,195,063",0,0,175361
153,AJANTPHARM,AJANTPHARM.NS,Ajanta Pharma Limited,"1,192,251",0,0,2079745
154,ZEEL,ZEEL.NS,Zee Entertainment Enterprises Limited,"1,190,519",1,1,975873
155,LICHSGFIN,LICHSGFIN.NS,LIC Housing Finance Limited,"1,187,472",0,0,511233
156,ATUL,ATUL.NS,Atul Limited,"1,183,043",0,0,67329
157,ABFRL,ABFRL.NS,Aditya Birla Fashion and Retail Limited,"1,182,921",0,0,7707649
158,LALPATHLAB,LALPATHLAB.NS,Dr. Lal Path Labs Ltd.,"1,168,199",0,0,2983425
159,WABCOINDIA,WABCOINDIA.NS,WABCO India Limited,"1,164,856",0,0,4330241
160,SCHAEFFLER,SCHAEFFLER.NS,Schaeffler India Limited,"1,161,852",0,0,258817
161,SUNTV,SUNTV.NS,Sun TV Network Limited,"1,126,885",0,1,3431425
162,EXIDEIND,EXIDEIND.NS,Exide Industries Limited,"1,118,600",0,0,173057
163,POLYCAB,POLYCAB.NS,Polycab India Limited,"1,103,922",0,0,2455041
164,SUPREMEIND,SUPREMEIND.NS,Supreme Industries Limited,"1,102,212",0,0,860929
165,BHARATFORG,BHARATFORG.NS,Bharat Forge Limited,"1,093,900",0,0,108033
166,ADANIPOWER,ADANIPOWER.NS,Adani Power Limited,"1,070,301",0,0,4451329
167,BANKINDIA,BANKINDIA.NS,Bank of India,"1,056,808",0,0,1214721
168,MFSL,MFSL.NS,Max Financial Services Limited,"1,036,533",0,0,548353
169,L&TFH,L&TFH.NS,L&T Finance Holdings Limited,"1,026,261",0,1,6386689
170,IDFCFIRSTB,IDFCFIRSTB.NS,IDFC First Bank Limited,"1,014,890",0,0,2863105
171,AKZOINDIA,AKZOINDIA.NS,Akzo Nobel India Limited,"1,007,830",0,0,375553
172,APLLTD,APLLTD.NS,Alembic Pharmaceuticals Limited,"1,007,146",0,0,6483969
173,GMRINFRA,GMRINFRA.NS,GMR Infrastructure Limited,"986,877",0,0,3463169
174,CASTROLIND,CASTROLIND.NS,Castrol India Limited,"983,682",0,0,320001
175,UNIONBANK,UNIONBANK.NS,Union Bank of India,"982,349",0,1,2752769
176,ABCAPITAL,ABCAPITAL.NS,Aditya Birla Capital Limited,"974,985",0,0,5533185
177,GSPL,GSPL.NS,Gujarat State Petronet Limited,"972,727",0,0,3378433
178,SYNGENE,SYNGENE.NS,Syngene International Limited,"960,600",0,0,2622209
179,GODREJIND,GODREJIND.NS,Godrej Industries Limited,"952,704",0,0,2796801
180,FORTIS,FORTIS.NS,Fortis Healthcare Limited,"952,380",0,0,3735553
181,SAIL,SAIL.NS,Steel Authority of India Limited,"952,086",0,1,758529
182,ADANIGAS,ADANIGAS.NS,Adani Gas Limited,"949,686",0,0,1552897
183,CUB,CUB.NS,City Union Bank Limited,"949,568",0,0,1459457
184,DALBHARAT,DALBHARAT.NS,Dalmia Bharat Limited,"946,655",0,0,2067201
185,CANBK,CANBK.NS,Canara Bank,"932,361",0,0,2763265
186,AAVAS,AAVAS.NS,Aavas Financiers Limited,"930,895",0,0,1378561
187,SUMICHEM,SUMICHEM.NS,Sumitomo Chemical India Limited,"921,922",0,0,4378881
188,NATCOPHARM,NATCOPHARM.NS,Natco Pharma Limited,"919,531",0,0,1003009
189,M&MFIN,M&MFIN.NS,Mahindra & Mahindra Financial Services Limited,"909,350",0,0,3400961
190,CRISIL,CRISIL.NS,CRISIL Limited,"906,913",0,0,193793
191,CUMMINSIND,CUMMINSIND.NS,Cummins India Limited,"905,612",0,0,486657
192,OIL,OIL.NS,Oil India Limited,"896,261",0,0,4464129
193,IDEA,IDEA.NS,Vodafone Idea Limited,"890,797",0,0,3677697
194,ISEC,ISEC.NS,ICICI Securities Limited,"890,560",0,0,637185
195,INDHOTEL,INDHOTEL.NS,The Indian Hotels Company Limited,"890,347",0,0,387073
196,TATAPOWER,TATAPOWER.NS,Tata Power Company Limited,"888,518",0,1,877057
197,IOB,IOB.NS,Indian Overseas Bank,"887,271",0,0,2393089
198,THERMAX,THERMAX.NS,Thermax Limited,"882,293",0,0,889601
199,IIFLWAM,IIFLWAM.NS,Iifl Wealth Management Limited,"874,811",0,0,3343617
200,PHOENIXLTD,PHOENIXLTD.NS,The Phoenix Mills Limited,"874,796",0,0,3725313
201,ENDURANCE,ENDURANCE.NS,Endurance Technologies Limited,"845,524",0,0,4818433
202,JINDALSTEL,JINDALSTEL.NS,Jindal Steel & Power Limited,"838,453",0,0,1723649
203,HATSUN,HATSUN.NS,Hatsun Agro Product Limited,"835,277",0,0,996353
204,SOLARINDS,SOLARINDS.NS,Solar Industries India Limited,"827,260",0,0,3412993
205,FEDERALBNK,FEDERALBNK.NS,The Federal Bank  Limited,"818,380",1,1,261889
206,AMARAJABAT,AMARAJABAT.NS,Amara Raja Batteries Limited,"816,569",1,1,25601
207,SJVN,SJVN.NS,SJVN Limited,"815,432",0,0,4834049
208,ESCORTS,ESCORTS.NS,Escorts Limited,"812,194",0,0,245249
209,MGL,MGL.NS,Mahanagar Gas Limited,"808,447",0,0,4488705
210,MANAPPURAM,MANAPPURAM.NS,Manappuram Finance Limited,"800,606",0,0,4879617
211,VINATIORGA,VINATIORGA.NS,Vinati Organics Limited,"796,098",0,0,4445185
212,UCOBANK,UCOBANK.NS,UCO Bank,"780,408",0,0,2873089
213,EMAMILTD,EMAMILTD.NS,Emami Limited,"771,463",0,0,3460353
214,ZYDUSWELL,ZYDUSWELL.NS,Zydus Wellness Limited,"749,259",0,0,4514561
215,MOTILALOFS,MOTILALOFS.NS,Motilal Oswal Financial Services Limited,"734,177",0,0,3826433
216,SKFINDIA,SKFINDIA.NS,SKF India Limited,"726,540",0,0,815617
217,BHEL,BHEL.NS,Bharat Heavy Electricals Limited,"724,269",0,0,112129
218,JKCEMENT,JKCEMENT.NS,JK Cement Limited,"722,883",0,0,3397121
220,GODREJAGRO,GODREJAGRO.NS,Godrej Agrovet Limited,"706,234",0,1,36865
221,JSWENERGY,JSWENERGY.NS,JSW Energy Limited,"701,288",0,0,4574465
222,CENTRALBK,CENTRALBK.NS,Central Bank of India,"699,446",0,0,3812865
223,RBLBANK,RBLBANK.NS,RBL Bank Limited,"688,970",1,1,4708097
225,TTKPRESTIG,TTKPRESTIG.NS,TTK Prestige Limited,"674,295",0,0,907777
226,PRESTIGE,PRESTIGE.NS,Prestige Estates Projects Limited,"674,249",0,0,5197313
227,TATACOMM,TATACOMM.NS,Tata Communications Limited,"664,478",0,0,952577
228,VGUARD,VGUARD.NS,V-Guard Industries Limited,"663,544",0,0,3932673
229,METROPOLIS,METROPOLIS.NS,Metropolis Healthcare Limited,"644,520",0,0,2452737
230,SIS,SIS.NS,Security and Intelligence Services (India) Limited,"631,198",0,0,5504257
231,MINDAIND,MINDAIND.NS,Minda Industries Limited,"630,370",0,0,3623425
232,SFL,SFL.NS,Sheela Foam Limited,"627,298",0,0,4911105
233,RITES,RITES.NS,RITES Limited,"615,250",0,0,962817
234,SUNDRMFAST,SUNDRMFAST.NS,Sundram Fasteners Limited,"614,625",0,0,856321
235,NLCINDIA,NLCINDIA.NS,NLC India Limited,"608,733",0,0,2197761
236,PVR,PVR.NS,PVR Limited,"607,672",1,1,3365633
237,NAVINFLUOR,NAVINFLUOR.NS,Navin Fluorine International Limited,"604,097",0,0,3756033
238,PGHL,PGHL.NS,Procter & Gamble Health Limited,"603,056",0,1,240641
239,ASTRAZEN,ASTRAZEN.NS,AstraZeneca Pharma India Limited,"600,963",0,0,1436161
240,KAJARIACER,KAJARIACER.NS,Kajaria Ceramics Limited,"597,415",0,0,462849
241,FINEORG,FINEORG.NS,Fine Organic Industries Limited,"584,394",0,0,958465
242,JCHAC,JCHAC.NS,Johnson Controls - Hitachi Air Conditioning India Limited,"581,926",0,0,1149697
243,GLENMARK,GLENMARK.NS,Glenmark Pharmaceuticals Limited,"580,843",0,0,1895937
244,TIMKEN,TIMKEN.NS,Timken India Limited,"577,078",0,0,3634689
245,TATACHEM,TATACHEM.NS,Tata Chemicals Limited,"569,508",0,0,871681
247,ITI,ITI.NS,ITI Limited,"562,868",0,0,428801
248,INDIAMART,INDIAMART.NS,Indiamart Intermesh Limited,"560,003",0,0,2745857
249,SYMPHONY,SYMPHONY.NS,Symphony Limited,"544,755",0,0,6192641
250,JMFINANCIL,JMFINANCIL.NS,JM Financial Limited,"544,591",0,0,3491073
251,CHOLAHLDNG,CHOLAHLDNG.NS,Cholamandalam Financial Holdings Limited,"544,370",0,1,5565441
252,NATIONALUM,NATIONALUM.NS,National Aluminium Company Limited,"542,895",0,0,1629185
253,CESC,CESC.NS,CESC Limited,"541,562",0,0,160769
254,DEEPAKNTR,DEEPAKNTR.NS,Deepak Nitrite Limited,"525,181",0,0,5105409
255,BLUEDART,BLUEDART.NS,Blue Dart Express Limited,"521,789",0,0,126721
256,MAHABANK,MAHABANK.NS,Bank of Maharashtra,"518,346",0,0,2912513
257,TIINDIA,TIINDIA.NS,Tube Investments of India Limited,"514,408",0,0,79873
258,BBTC,BBTC.NS,Bombay Burmah Trading Corporation Limited,"511,079",0,0,97281
259,ERIS,ERIS.NS,Eris Lifesciences Limited,"507,310",0,1,5415425
260,NH,NH.NS,Narayana Hrudayalaya Ltd.,"505,793",0,0,3031041
261,GRINDWELL,GRINDWELL.NS,Grindwell Norton Limited,"505,105",0,0,3471361
262,SHRIRAMCIT,SHRIRAMCIT.NS,Shriram City Union Finance Limited,"493,954",0,0,3005185
264,GODFRYPHLP,GODFRYPHLP.NS,Godfrey Phillips India Limited,"489,003",0,0,302337
265,FINPIPE,FINPIPE.NS,Finolex Industries Limited,"487,385",0,0,266497
266,BASF,BASF.NS,BASF India Limited,"487,072",0,0,94209
267,CREDITACC,CREDITACC.NS,CREDITACCESS GRAMEEN LIMITED,"485,182",0,0,1131777
268,ASTERDM,ASTERDM.NS,Aster DM Healthcare Limited,"480,724",0,0,386049
269,KEC,KEC.NS,KEC International Limited,"476,899",0,0,3394561
270,AEGISCHEM,AEGISCHEM.NS,Aegis Logistics Limited,"473,665",0,0,10241
271,UJJIVANSFB,UJJIVANSFB.NS,Ujjivan Small Finance Bank Limited,"471,805",0,0,3898369
272,APOLLOTYRE,APOLLOTYRE.NS,Apollo Tyres Limited,"454,208",0,0,41729
273,CHAMBLFERT,CHAMBLFERT.NS,Chambal Fertilizers & Chemicals Limited,"451,377",0,0,163073
274,BLUESTARCO,BLUESTARCO.NS,Blue Star Limited,"442,514",0,0,2127617
275,VSTIND,VSTIND.NS,VST Industries Limited,"428,042",0,0,953345
276,RATNAMANI,RATNAMANI.NS,Ratnamani Metals & Tubes Limited,"424,010",0,0,3443457
277,PERSISTENT,PERSISTENT.NS,Persistent Systems Limited,"421,064",0,0,4701441
278,CHALET,CHALET.NS,Chalet Hotels Limited,"420,606",0,0,2187777
279,CARBORUNIV,CARBORUNIV.NS,Carborundum Universal Limited,"420,202",0,0,152321
280,GALAXYSURF,GALAXYSURF.NS,Galaxy Surfactants Limited,"417,817",0,0,336641
281,ORIENTELEC,ORIENTELEC.NS,Orient Electric Limited,"416,732",0,0,760833
282,DIXON,DIXON.NS,Dixon Technologies (India) Limited,"414,194",0,0,5552641
283,LINDEINDIA,LINDEINDIA.NS,Linde India Limited,"413,884",0,0,416513
284,IBULHSGFIN,IBULHSGFIN.NS,Indiabulls Housing Finance Limited,"413,678",0,1,7712001
285,JBCHEPHARM,JBCHEPHARM.NS,JB Chemicals & Pharmaceuticals Limited,"408,405",0,0,441857
286,MRPL,MRPL.NS,Mangalore Refinery and Petrochemicals Limited,"405,727",0,0,584449
287,AVANTIFEED,AVANTIFEED.NS,Avanti Feeds Limited,"400,903",0,0,2031617
288,HUDCO,HUDCO.NS,Housing & Urban Development Corporation Limited,"400,380",0,0,5331201
289,JUBILANT,JUBILANT.NS,Jubilant Life Sciences Limited,"396,929",1,1,931073
290,FRETAIL,FRETAIL.NS,Future Retail Limited,"393,535",0,0,4704769
291,TATAELXSI,TATAELXSI.NS,Tata Elxsi Limited,"391,781",0,0,873217
292,AMBER,AMBER.NS,Amber Enterprises India Limited,"386,934",0,0,303361
293,IEX,IEX.NS,Indian Energy Exchange Limited,"383,283",0,0,56321
294,ASAHIINDIA,ASAHIINDIA.NS,Asahi India Glass Limited,"379,585",0,0,1376769
295,ENGINERSIN,ENGINERSIN.NS,Engineers India Limited,"379,463",0,0,1256193
296,SPANDANA,SPANDANA.NS,Spandana Sphoorty Financial Limited,"377,008",0,0,2927361
297,EIHOTEL,EIHOTEL.NS,EIH Limited,"376,093",0,0,235265
298,CANFINHOME,CANFINHOME.NS,Can Fin Homes Limited,"371,567",0,0,149249
299,KIOCL,KIOCL.NS,KIOCL Limited,"368,180",0,0,4896257
300,GMMPFAUDLR,GMMPFAUDLR.NS,GMM Pfaudler Limited,"367,309",0,0,401921
301,GRANULES,GRANULES.NS,Granules India Limited,"365,227",0,0,3039233
302,VTL,VTL.NS,Vardhman Textiles Limited,"359,403",0,0,530689
303,EDELWEISS,EDELWEISS.NS,Edelweiss Financial Services Limited,"358,672",0,1,3870465
304,IRCON,IRCON.NS,Ircon International Limited,"358,384",0,0,1276417
305,RADICO,RADICO.NS,Radico Khaitan Limited,"357,804",0,0,2813441
306,COCHINSHIP,COCHINSHIP.NS,Cochin Shipyard Limited,"350,358",0,0,5506049
307,LAURUSLABS,LAURUSLABS.NS,Laurus Labs Limited,"347,258",0,0,4923905
308,NESCO,NESCO.NS,Nesco Limited,"344,655",0,0,3944705
309,RALLIS,RALLIS.NS,Rallis India Limited,"341,682",0,0,720897
310,VIPIND,VIPIND.NS,VIP Industries Limited,"339,374",0,0,947969
311,BDL,BDL.NS,Bharat Dynamics Limited,"339,345",0,0,548865
312,JYOTHYLAB,JYOTHYLAB.NS,Jyothy Labs Limited,"338,566",0,0,3877377
313,DCMSHRIRAM,DCMSHRIRAM.NS,DCM Shriram Limited,"335,588",0,0,207617
314,TATAINVEST,TATAINVEST.NS,Tata Investment Corporation Limited,"335,548",0,0,414977
315,MIDHANI,MIDHANI.NS,Mishra Dhatu Nigam Limited,"335,058",0,0,630529
316,FDC,FDC.NS,FDC Limited,"333,312",0,0,1253889
317,CENTURYTEX,CENTURYTEX.NS,Century Textiles & Industries Limited,"330,731",0,1,160001
318,INDIACEM,INDIACEM.NS,The India Cements Limited,"328,026",0,0,387841
319,HEIDELBERG,HEIDELBERG.NS,HeidelbergCement India Limited,"321,451",0,0,592897
320,CEATLTD,CEATLTD.NS,CEAT Limited,"320,749",0,0,3905025
321,BIRLACORPN,BIRLACORPN.NS,Birla Corporation Limited,"319,611",0,0,122881
322,GEPIL,GEPIL.NS,GE Power India Limited,"319,330",0,1,2012673
323,POWERINDIA,POWERINDIA.NS,ABB Power Products and Systems India Limited,"317,735",0,0,4724993
324,KRBL,KRBL.NS,KRBL Limited,"317,306",0,0,2707713
325,QUESS,QUESS.NS,Quess Corp Limited,"314,419",0,0,4532225
326,FLUOROCHEM,FLUOROCHEM.NS,Gujarat Fluorochemicals Limited,"314,171",0,1,3520001
327,FINCABLES,FINCABLES.NS,Finolex Cables Limited,"311,614",0,0,265729
328,APLAPOLLO,APLAPOLLO.NS,APL Apollo Tubes Limited,"310,008",0,0,6599681
329,SUNTECK,SUNTECK.NS,Sunteck Realty Limited,"307,397",0,1,4516097
330,BAJAJELEC,BAJAJELEC.NS,Bajaj Electricals Limited,"305,384",0,0,3848705
331,GESHIP,GESHIP.NS,The Great Eastern Shipping Company Limited,"302,457",0,0,3526657
332,SUNCLAYLTD,SUNCLAYLTD.NS,Sundaram Clayton Limited,"301,913",0,0,7426049
333,CERA,CERA.NS,Cera Sanitaryware Limited,"300,624",0,0,3849985
334,CGCL,CGCL.NS,Capri Global Capital Limited,"299,130",0,0,5204225
335,DCBBANK,DCBBANK.NS,DCB Bank Limited,"294,084",0,0,3513601
336,NBCC,NBCC.NS,NBCC (India) Limited,"293,400",0,1,8042241
337,GPPL,GPPL.NS,Gujarat Pipavav Port Limited,"291,273",0,0,5051137
338,DBL,DBL.NS,Dilip Buildcon Limited,"288,653",0,0,4630017
339,STAR,STAR.NS,Strides Pharma Science Limited,"288,494",0,0,1887745
340,MASFIN,MASFIN.NS,MAS Financial Services Limited,"286,593",0,0,50945
341,KALPATPOWR,KALPATPOWR.NS,Kalpataru Power Transmission Limited,"282,588",0,0,464385
342,STARCEMENT,STARCEMENT.NS,Star Cement Limited,"281,070",0,0,5399297
343,OMAXE,OMAXE.NS,Omaxe Limited,"279,289",0,0,3802369
344,TEAMLEASE,TEAMLEASE.NS,Teamlease Services Limited,"278,182",0,0,3255297
345,KNRCON,KNRCON.NS,KNR Constructions Limited,"276,313",0,0,3912449
346,PNBHOUSING,PNBHOUSING.NS,PNB Housing Finance Limited,"272,685",0,0,4840449
347,INOXLEISUR,INOXLEISUR.NS,INOX Leisure Limited,"270,207",0,1,3384577
348,TV18BRDCST,TV18BRDCST.NS,TV18 Broadcast Limited,"267,440",0,0,3637249
349,REDINGTON,REDINGTON.NS,Redington (India) Limited,"266,910",0,0,3649281
350,RVNL,RVNL.NS,Rail Vikas Nigam Limited,"266,883",0,0,2445313
351,BRIGADE,BRIGADE.NS,Brigade Enterprises Limited,"265,925",0,0,3887105
352,INDIANB,INDIANB.NS,Indian Bank,"262,393",0,0,3663105
353,THYROCARE,THYROCARE.NS,Thyrocare Technologies Limited,"262,359",0,0,4360193
354,TECHNOE,TECHNOE.NS,Techno Electric & Engineering Company Limited,"261,800",0,0,1649921
355,MAHINDCIE,MAHINDCIE.NS,Mahindra CIE Automotive Limited,"260,570",0,0,3823873
356,VMART,VMART.NS,V-Mart Retail Limited,"258,053",0,0,7496705
357,GULFOILLUB,GULFOILLUB.NS,Gulf Oil Lubricants India Limited,"257,910",0,0,1124097
358,SUDARSCHEM,SUDARSCHEM.NS,Sudarshan Chemical Industries Limited,"257,733",0,1,851713
360,AFFLE,AFFLE.NS,Affle (India) Limited,"256,353",0,0,2903809
361,SUVENPHAR,SUVENPHAR.NS,Suven Pharmaceuticals Limited,"255,901",0,0,4593921
362,SPARC,SPARC.NS,Sun Pharma Advanced Research Company Limited,"252,724",0,0,3785729
363,CYIENT,CYIENT.NS,Cyient Limited,"252,164",0,0,1471489
364,GRAPHITE,GRAPHITE.NS,Graphite India Limited,"248,615",0,1,151553
365,VAIBHAVGBL,VAIBHAVGBL.NS,Vaibhav Global Limited,"247,807",0,0,2909185
366,CENTURYPLY,CENTURYPLY.NS,Century Plyboards (India) Limited,"246,501",0,0,3406081
367,SWANENERGY,SWANENERGY.NS,Swan Energy Limited,"246,211",0,0,6936321
368,EIDPARRY,EIDPARRY.NS,EID Parry India Limited,"246,112",0,0,234497
369,LAXMIMACH,LAXMIMACH.NS,Lakshmi Machine Works Limited,"245,821",0,0,506625
370,ALKYLAMINE,ALKYLAMINE.NS,Alkyl Amines Chemicals Limited,"245,430",0,0,1148673
371,MOIL,MOIL.NS,MOIL Limited,"243,142",0,0,5332481
372,PNCINFRA,PNCINFRA.NS,PNC Infratech Limited,"241,147",0,0,2402561
373,KEI,KEI.NS,KEI Industries Limited,"240,185",0,1,3407361
374,LUXIND,LUXIND.NS,Lux Industries Limited,"238,628",0,0,2893057
375,HATHWAY,HATHWAY.NS,Hathway Cable & Datacom Limited,"238,079",0,0,4647425
376,FLFL,FLFL.NS,Future Lifestyle Fashions Limited,"237,509",0,0,7872513
377,IIFL,IIFL.NS,IIFL Finance Limited,"237,178",0,0,3023105
378,IDFC,IDFC.NS,IDFC Limited,"237,059",0,0,3060993
379,CCL,CCL.NS,CCL Products (India) Limited,"235,992",0,0,2931713
380,GARFIBRES,GARFIBRES.NS,Garware Technical Fibres Limited,"235,068",0,0,281601
381,MAHSCOOTER,MAHSCOOTER.NS,Maharashtra Scooters Limited,"234,337",0,0,533761
382,KPRMILL,KPRMILL.NS,K.P.R. Mill Limited,"232,681",0,0,3817473
383,JKLAKSHMI,JKLAKSHMI.NS,JK Lakshmi Cement Limited,"230,633",0,0,3453697
384,TASTYBITE,TASTYBITE.NS,Tasty Bite Eatables Limited,"230,261",0,0,5143553
385,INDOSTAR,INDOSTAR.NS,IndoStar Capital Finance Limited,"229,100",0,0,790529
386,BALRAMCHIN,BALRAMCHIN.NS,Balrampur Chini Mills Limited,"228,910",0,0,87297
387,INFIBEAM,INFIBEAM.NS,Infibeam Avenues Limited,"225,988",0,0,4179201
388,CDSL,CDSL.NS,Central Depository Services (India) Limited,"224,048",0,0,5420545
389,BHARATRAS,BHARATRAS.NS,Bharat Rasayan Limited,"219,218",0,0,981505
390,WELSPUNIND,WELSPUNIND.NS,Welspun India Limited,"217,021",0,0,2880769
391,RESPONIND,RESPONIND.NS,Responsive Industries Limited,"216,600",0,0,5202689
392,TRIDENT,TRIDENT.NS,Trident Limited,"216,578",0,0,2479361
393,KSCL,KSCL.NS,Kaveri Seed Company Limited,"215,839",0,0,3832833
394,CAPLIPOINT,CAPLIPOINT.NS,Caplin Point Laboratories Limited,"213,615",0,0,999937
395,VAKRANGEE,VAKRANGEE.NS,Vakrangee Limited,"210,822",0,0,3415553
396,TCIEXP,TCIEXP.NS,TCI Express Limited,"209,651",0,0,4921089
397,ICRA,ICRA.NS,ICRA Limited,"206,990",0,0,3717889
398,POLYMED,POLYMED.NS,Poly Medicure Limited,"205,636",0,0,6583809
399,CSBBANK,CSBBANK.NS,CSB Bank Limited,"204,765",0,0,3831297
400,TCNSBRANDS,TCNSBRANDS.NS,TCNS Clothing Co. Limited,"201,986",0,0,1068033
401,SHILPAMED,SHILPAMED.NS,Shilpa Medicare Limited,"199,456",0,0,4544513
402,ZENSARTECH,ZENSARTECH.NS,Zensar Technologies Limited,"198,245",0,0,275457
403,HINDCOPPER,HINDCOPPER.NS,Hindustan Copper Limited,"197,071",0,0,4592385
404,BAJAJCON,BAJAJCON.NS,Bajaj Consumer Care Limited,"195,409",0,0,4999937
405,INGERRAND,INGERRAND.NS,Ingersoll Rand (India) Limited,"194,964",0,0,408833
406,INDOCO,INDOCO.NS,Indoco Remedies Limited,"193,884",0,0,2989313
407,NETWORK18,NETWORK18.NS,Network18 Media & Investments Limited,"192,115",0,0,3612417
408,SEQUENT,SEQUENT.NS,Sequent Scientific Limited,"192,066",0,0,3659777
409,WOCKPHARMA,WOCKPHARMA.NS,Wockhardt Limited,"191,184",0,1,1921537
410,JUSTDIAL,JUSTDIAL.NS,Just Dial Limited,"190,366",0,0,7670273
411,FSL,FSL.NS,Firstsource Solutions Limited,"190,327",0,0,3661825
412,TRITURBINE,TRITURBINE.NS,Triveni Turbine Limited,"189,134",0,0,6549505
413,BEML,BEML.NS,BEML Limited,"188,087",0,0,101121
414,RAIN,RAIN.NS,Rain Industries Limited,"187,849",0,0,3926273
415,IRB,IRB.NS,IRB Infrastructure Developers Limited,"187,147",0,0,3920129
416,HEG,HEG.NS,HEG Limited,"186,802",0,0,342017
417,MHRIL,MHRIL.NS,Mahindra Holidays & Resorts India Limited,"186,641",0,0,4437249
418,IBREALEST,IBREALEST.NS,Indiabulls Real Estate Limited,"185,730",0,0,3699201
419,MMTC,MMTC.NS,MMTC Limited,"184,500",0,0,4596993
420,GET&D,GET&D.NS,GE T&D India Limited,"184,097",0,0,4296449
421,UJJIVAN,UJJIVAN.NS,Ujjivan Financial Services Limited,"180,467",0,0,4369665
422,TATASTLBSL,TATASTLBSL.NS,Tata Steel Bsl Limited,"179,871",0,1,114433
423,FMGOETZE,FMGOETZE.NS,Federal-Mogul Goetze (India) Limited.,"179,441",0,0,304641
424,GNFC,GNFC.NS,Gujarat Narmada Valley Fertilizers and Chemicals Limited,"178,265",0,0,300545
425,ELGIEQUIP,ELGIEQUIP.NS,Elgi Equipments Limited,"177,548",0,1,239873
426,DELTACORP,DELTACORP.NS,Delta Corp Limited,"177,058",0,0,3851265
427,SCI,SCI.NS,Shipping Corporation Of India Limited,"174,675",0,1,780289
428,LEMONTREE,LEMONTREE.NS,Lemon Tree Hotels Limited,"174,294",0,0,667137
429,SONATSOFTW,SONATSOFTW.NS,Sonata Software Limited,"172,672",0,0,1688577
430,VARROC,VARROC.NS,Varroc Engineering Limited,"172,087",0,0,987393
431,BSOFT,BSOFT.NS,BIRLASOFT LIMITED,"168,766",0,0,1790465
432,SHOPERSTOP,SHOPERSTOP.NS,Shoppers Stop Limited,"168,589",0,0,3024129
433,ESABINDIA,ESABINDIA.NS,Esab India Limited,"167,184",0,0,244481
434,VESUVIUS,VESUVIUS.NS,Vesuvius India Limited,"165,322",0,0,941057
436,GUJALKALI,GUJALKALI.NS,Gujarat Alkalies and Chemicals Limited,"163,783",0,1,324353
437,LAOPALA,LAOPALA.NS,La Opala RG Limited,"163,781",0,0,3692289
438,MAHLOG,MAHLOG.NS,Mahindra Logistics Limited,"162,019",0,0,98561
439,WELCORP,WELCORP.NS,Welspun Corp Limited,"161,869",0,0,3026177
441,KARURVYSYA,KARURVYSYA.NS,Karur Vysya Bank Limited,"161,428",0,1,470529
442,GREAVESCOT,GREAVESCOT.NS,Greaves Cotton Limited,"160,804",0,0,316161
443,JSWHL,JSWHL.NS,JSW Holdings Limited,"160,384",0,0,3041281
444,ADVENZYMES,ADVENZYMES.NS,Advanced Enzyme Technologies Limited,"159,139",0,0,4617985
445,SUPRAJIT,SUPRAJIT.NS,Suprajit Engineering Limited,"157,496",0,0,2992385
446,SCHNEIDER,SCHNEIDER.NS,Schneider Electric Infrastructure Limited,"157,091",0,0,7995905
447,GRSE,GRSE.NS,Garden Reach Shipbuilders & Engineers Limited,"156,478",0,0,1401601
448,RCF,RCF.NS,Rashtriya Chemicals and Fertilizers Limited,"156,404",0,0,733697
449,DHANUKA,DHANUKA.NS,Dhanuka Agritech Limited,"154,725",0,0,6248705
450,PRSMJOHNSN,PRSMJOHNSN.NS,Prism Johnson Limited,"152,265",0,0,701185
451,NILKAMAL,NILKAMAL.NS,Nilkamal Limited,"148,882",0,0,619777
452,KSB,KSB.NS,Ksb Limited,"147,951",0,0,498945
453,NAVNETEDUL,NAVNETEDUL.NS,Navneet Education Limited,"147,736",0,0,610561
455,JINDALSAW,JINDALSAW.NS,Jindal Saw Limited,"146,447",0,0,774145
456,EQUITAS,EQUITAS.NS,Equitas Holdings Limited,"145,767",0,1,4314113
457,GSFC,GSFC.NS,Gujarat State Fertilizers & Chemicals Limited,"145,644",0,0,319233
458,DEN,DEN.NS,Den Networks Limited,"144,599",0,0,4536833
459,TCI,TCI.NS,Transport Corporation of India Limited,"144,472",0,0,2708481
460,RAYMOND,RAYMOND.NS,Raymond Limited,"144,194",0,0,731905
461,ALLCARGO,ALLCARGO.NS,Allcargo Logistics Limited,"143,609",0,0,3456257
462,ORIENTREF,ORIENTREF.NS,Orient Refractories Limited,"140,743",0,0,7977729
463,FCONSUMER,FCONSUMER.NS,Future Consumer Limited,"140,237",0,0,7689729
464,VRLLOG,VRLLOG.NS,VRL Logistics Limited,"139,490",0,0,2226177
465,DBCORP,DBCORP.NS,D.B.Corp Limited,"139,258",0,0,4577537
466,BALMLAWRIE,BALMLAWRIE.NS,Balmer Lawrie & Company Limited,"135,863",0,0,86529
467,ECLERX,ECLERX.NS,eClerx Services Limited,"135,137",0,0,3885825
468,JAGRAN,JAGRAN.NS,Jagran Prakashan Limited,"135,016",0,0,3382017
469,BSE,BSE.NS,BSE Limited,"133,632",0,0,5013761
470,JKPAPER,JKPAPER.NS,JK Paper Limited,"132,791",0,0,3036161
471,MINDACORP,MINDACORP.NS,Minda Corporation Limited,"131,107",0,0,6629633
472,KTKBANK,KTKBANK.NS,The Karnataka Bank Limited,"130,720",0,1,2061825
473,MAHSEAMLES,MAHSEAMLES.NS,Maharashtra Seamless Limited,"129,711",0,0,534529
474,ACCELYA,ACCELYA.NS,Accelya Solutions India Limited,"127,321",0,0,1805569
475,SOBHA,SOBHA.NS,Sobha Limited,"126,951",0,0,3539457
476,KIRLOSENG,KIRLOSENG.NS,Kirloskar Oil Engines Limited,"125,669",0,0,5359617
477,SUPPETRO,SUPPETRO.NS,Supreme Petrochem Limited,"125,549",0,0,860161
478,SWSOLAR,SWSOLAR.NS,Sterling And Wilson Solar Limited,"123,477",0,1,3197185
479,HSCL,HSCL.NS,Himadri Speciality Chemical Limited,"123,308",0,0,3669505
480,GAEL,GAEL.NS,Gujarat Ambuja Exports Limited,"120,114",0,0,2259969
481,GREENLAM,GREENLAM.NS,Greenlam Industries Limited,"119,982",0,0,1753089
482,VENKEYS,VENKEYS.NS,Venky's (India) Limited,"118,996",0,0,961793
483,JSL,JSL.NS,Jindal Stainless Limited,"117,424",0,0,2876417
484,AARTIDRUGS,AARTIDRUGS.NS,Aarti Drugs Limited,"117,036",0,0,1147137
485,PSPPROJECT,PSPPROJECT.NS,PSP Projects Limited,"117,018",0,0,5344513
486,DIAMONDYD,DIAMONDYD.NS,Prataap Snacks Limited,"116,608",0,0,5591041
487,NIITLTD,NIITLTD.NS,NIIT Limited,"116,320",0,0,2949633
488,HFCL,HFCL.NS,HFCL Limited,"116,236",0,0,5619457
489,ASHOKA,ASHOKA.NS,Ashoka Buildcon Limited,"116,079",0,0,5166593
490,SOLARA,SOLARA.NS,Solara Active Pharma Sciences Limited,"115,762",0,0,940033
491,ARVINDFASN,ARVINDFASN.NS,Arvind Fashions Limited,"115,269",0,0,2332417
492,AHLUCONT,AHLUCONT.NS,Ahluwalia Contracts (India) Limited,"114,951",0,0,4565249
493,PTC,PTC.NS,PTC India Limited,"114,703",0,0,2906881
494,HGINFRA,HGINFRA.NS,H.G. Infra Engineering Limited,"113,104",0,0,428033
495,PRINCEPIPE,PRINCEPIPE.NS,Prince Pipes And Fittings Limited,"112,941",0,0,4107521
496,NCC,NCC.NS,NCC Limited,"112,621",0,1,593665
497,FACT,FACT.NS,Fertilizers and Chemicals Travancore Limited,"112,354",0,0,258049
498,TIDEWATER,TIDEWATER.NS,Tide Water Oil Company (India) Limited,"111,771",0,0,3588865
499,ITDC,ITDC.NS,India Tourism Development Corporation Limited,"111,028",0,0,4940545
500,APARINDS,APARINDS.NS,Apar Industries Limited,"110,290",0,1,2941697
501,SWARAJENG,SWARAJENG.NS,Swaraj Engines Limited,"109,805",0,0,866305
502,UNICHEMLAB,UNICHEMLAB.NS,Unichem Laboratories Limited,"109,727",0,0,916225
503,NOCIL,NOCIL.NS,NOCIL Limited,"108,963",0,0,625153
504,BANARISUG,BANARISUG.NS,Bannari Amman Sugars Limited,"108,807",0,0,89601
505,PHILIPCARB,PHILIPCARB.NS,Phillips Carbon Black Limited,"108,056",0,0,678145
506,IFBIND,IFBIND.NS,IFB Industries Limited,"107,942",0,0,380161
507,SHK,SHK.NS,S H Kelkar and Company Limited,"107,545",0,0,2870273
508,HGS,HGS.NS,Hinduja Global Solutions Limited,"105,274",0,0,3766273
509,TATACOFFEE,TATACOFFEE.NS,Tata Coffee Limited,"104,872",0,1,185345
510,BLISSGVS,BLISSGVS.NS,Bliss GVS Pharma Limited,"103,920",0,0,4931841
511,SUZLON,SUZLON.NS,Suzlon Energy Limited,"103,736",0,0,3077377
512,SOUTHBANK,SOUTHBANK.NS,The South Indian Bank Limited,"103,154",0,0,1522689
513,GDL,GDL.NS,Gateway Distriparks Limited,"102,965",0,0,3004161
514,MAITHANALL,MAITHANALL.NS,Maithan Alloys Limited,"102,414",0,0,6281729
515,PRAJIND,PRAJIND.NS,Praj Industries Limited,"100,700",0,0,692481
516,GMDCLTD,GMDCLTD.NS,Gujarat Mineral Development Corporation Limited,"100,329",0,0,1332225
517,RSYSTEMS,RSYSTEMS.NS,R Systems International Limited,"100,302",0,0,3433985
518,IOLCP,IOLCP.NS,IOL Chemicals and Pharmaceuticals Limited,"100,065",0,0,5225729
519,JKTYRE,JKTYRE.NS,JK Tyre & Industries Limited,"99,970",0,0,3695361
520,UFLEX,UFLEX.NS,UFLEX Limited,"99,941",0,0,269569
521,GREENPLY,GREENPLY.NS,Greenply Industries Limited,"99,390",0,0,1020673
522,TVTODAY,TVTODAY.NS,TV Today Network Limited,"99,246",0,0,2886401
523,IIFLSEC,IIFLSEC.NS,IIFL Securities Limited,"99,122",0,0,3346433
524,RAMCOIND,RAMCOIND.NS,Ramco Industries Limited,"98,969",0,0,1174273
525,MAHLIFE,MAHLIFE.NS,Mahindra Lifespace Developers Limited,"98,815",0,0,2060801
526,HERITGFOOD,HERITGFOOD.NS,Heritage Foods Limited,"98,596",0,0,1177089
527,SHARDACROP,SHARDACROP.NS,Sharda Cropchem Limited,"96,807",0,0,1277953
528,KPITTECH,KPITTECH.NS,KPIT Technologies Limited,"96,636",0,0,2478849
529,JTEKTINDIA,JTEKTINDIA.NS,Jtekt India Limited,"96,448",0,0,828673
530,AMRUTANJAN,AMRUTANJAN.NS,Amrutanjan Health Care Limited,"96,446",0,0,4492033
531,CARERATING,CARERATING.NS,CARE Ratings Limited,"96,441",0,0,7452929
532,POLYPLEX,POLYPLEX.NS,Polyplex Corporation Limited,"95,970",0,0,687873
533,JAMNAAUTO,JAMNAAUTO.NS,Jamna Auto Industries Limited,"94,834",0,0,5319169
534,BOMDYEING,BOMDYEING.NS,Bombay Dyeing & Mfg Company Limited,"94,593",0,0,131329
535,MEGH,MEGH.NS,Meghmani Organics Limited,"94,223",0,0,3776001
536,JSLHISAR,JSLHISAR.NS,Jindal Stainless (Hisar) Limited,"93,548",0,0,3149825
537,ATFL,ATFL.NS,Agro Tech Foods Limited,"93,164",0,0,425729
538,TATAMETALI,TATAMETALI.NS,Tata Metaliks Limited,"93,158",0,0,876289
539,RUPA,RUPA.NS,Rupa & Company Limited,"91,970",0,0,6585345
540,KIRIINDUS,KIRIINDUS.NS,Kiri Industries Limited,"91,734",0,0,4259585
541,ORIENTCEM,ORIENTCEM.NS,Orient Cement Limited,"91,576",0,0,7702785
542,KOLTEPATIL,KOLTEPATIL.NS,Kolte - Patil Developers Limited,"91,130",0,0,3871745
543,INEOSSTYRO,INEOSSTYRO.NS,INEOS Styrolution India Limited,"90,962",0,1,4865
544,TATASTLLP,TATASTLLP.NS,Tata Steel Long Products Limited,"90,798",0,0,419585
545,ALEMBICLTD,ALEMBICLTD.NS,Alembic Limited,"90,772",0,0,20225
546,TRIVENI,TRIVENI.NS,Triveni Engineering & Industries Limited,"90,252",0,0,3348737
547,GFLLIMITED,GFLLIMITED.NS,GFL Limited,"90,187",0,0,329985
548,CHENNPETRO,CHENNPETRO.NS,Chennai Petroleum Corporation Limited,"90,166",0,1,524545
549,JAICORPLTD,JAICORPLTD.NS,Jai Corp Limited,"90,117",0,0,1316609
550,THOMASCOOK,THOMASCOOK.NS,Thomas Cook  (India)  Limited,"90,030",0,0,891137
551,NFL,NFL.NS,National Fertilizers Limited,"90,021",0,0,3564801
552,SAFARI,SAFARI.NS,Safari Industries (India) Limited,"89,767",0,0,3336961
553,SHRIPISTON,SHRIPISTON.NS,Shriram Pistons & Rings Limited,"89,265",0,0,4400641
554,RENUKA,RENUKA.NS,Shree Renuka Sugars Limited,"89,132",0,0,3078657
555,VOLTAMP,VOLTAMP.NS,Voltamp Transformers Limited,"89,036",0,0,3475713
556,PILANIINVS,PILANIINVS.NS,Pilani Investment and Industries Corporation Limited,"88,950",0,0,2929921
557,JINDALPOLY,JINDALPOLY.NS,Jindal Poly Films Limited,"88,142",0,0,449537
558,GHCL,GHCL.NS,GHCL Limited,"87,557",0,0,288513
559,DFMFOODS,DFMFOODS.NS,DFM Foods Limited,"87,514",0,0,4933377
560,WSTCSTPAPR,WSTCSTPAPR.NS,West Coast Paper Mills Limited,"86,491",0,0,972545
561,DCAL,DCAL.NS,Dishman Carbogen Amcis Limited,"86,104",0,0,5556225
562,SOTL,SOTL.NS,Savita Oil Technologies Limited,"85,918",0,0,773377
563,HIKAL,HIKAL.NS,Hikal Limited,"85,879",0,0,2475009
564,BFINVEST,BFINVEST.NS,BF Investment Limited,"85,430",0,0,5404929
565,SUBROS,SUBROS.NS,Subros Limited,"85,263",0,0,850945
566,HONDAPOWER,HONDAPOWER.NS,Honda Siel Power Products Limited,"85,242",0,0,803329
567,PURVA,PURVA.NS,Puravankara Limited,"83,832",0,0,3820033
568,BALAMINES,BALAMINES.NS,Balaji Amines Limited,"81,521",0,0,3712257
569,LUMAXIND,LUMAXIND.NS,Lumax Industries Limited,"81,096",0,1,516609
570,WHEELS,WHEELS.NS,Wheels India Limited,"80,869",0,0,964097
571,NEOGEN,NEOGEN.NS,Neogen Chemicals Limited,"79,606",0,0,2538753
572,SANDHAR,SANDHAR.NS,Sandhar Technologies Limited,"79,452",0,0,613633
573,TINPLATE,TINPLATE.NS,The Tinplate Company of India Limited,"79,390",0,0,894209
574,WONDERLA,WONDERLA.NS,Wonderla Holidays Limited,"78,900",0,0,768513
575,HESTERBIO,HESTERBIO.NS,Hester Biosciences Limited,"78,301",0,0,1804289
576,KKCL,KKCL.NS,Kewal Kiran Clothing Limited,"77,469",0,0,3425537
577,PSB,PSB.NS,Punjab & Sind Bank,"77,116",0,0,5376257
578,PFOCUS,PFOCUS.NS,Prime Focus Limited,"76,608",0,0,3454977
579,GABRIEL,GABRIEL.NS,Gabriel India Limited,"76,562",0,0,277761
580,ASTEC,ASTEC.NS,Astec LifeSciences Limited,"75,973",0,0,4538369
581,GIPCL,GIPCL.NS,Gujarat Industries Power Company Limited,"75,474",0,0,293121
582,DISHTV,DISHTV.NS,Dish TV India Limited,"74,571",0,0,3721473
583,NEWGEN,NEWGEN.NS,Newgen Software Technologies Limited,"73,726",0,0,297985
584,PDSMFL,PDSMFL.NS,PDS Multinational Fashions Limited,"73,478",0,1,1347585
585,REPCOHOME,REPCOHOME.NS,Repco Home Finance Limited,"73,416",0,0,7577089
586,MAJESCO,MAJESCO.NS,Majesco Limited,"72,623",0,0,2639361
587,INTELLECT,INTELLECT.NS,Intellect Design Arena Limited,"71,943",0,0,1517057
588,TANLA,TANLA.NS,Tanla Solutions Limited,"70,681",0,0,3577857
589,J&KBANK,J&KBANK.NS,The Jammu & Kashmir Bank Limited,"69,329",0,1,1442049
590,SIYSIL,SIYSIL.NS,Siyaram Silk Mills Limited,"69,086",0,0,3608577
591,PAISALO,PAISALO.NS,Paisalo Digital Limited,"69,042",0,0,6519809
592,KIRLOSBROS,KIRLOSBROS.NS,Kirloskar Brothers Limited,"68,927",0,0,4756737
593,IFCI,IFCI.NS,IFCI Limited,"68,688",0,0,381697
594,SEAMECLTD,SEAMECLTD.NS,Seamec Limited,"68,660",0,1,669697
595,TVSSRICHAK,TVSSRICHAK.NS,TVS Srichakra Limited,"68,332",0,0,3646721
596,MAYURUNIQ,MAYURUNIQ.NS,Mayur Uniquoters Ltd,"67,946",0,0,7399937
597,AGCNET,AGCNET.NS,AGC Networks Limited,"67,430",0,0,2089985
598,DEEPAKFERT,DEEPAKFERT.NS,Deepak Fertilizers and Petrochemicals Corporation Limited,"67,097",0,0,211713
599,PANACEABIO,PANACEABIO.NS,Panacea Biotec Limited,"66,916",0,1,1038081
600,SAGCEM,SAGCEM.NS,Sagar Cements Limited,"66,827",0,0,3601409
601,SESHAPAPER,SESHAPAPER.NS,Seshasayee Paper and Boards Limited,"66,095",0,0,784897
602,INDIAGLYCO,INDIAGLYCO.NS,India Glycols Limited,"65,902",0,0,389377
603,JBMA,JBMA.NS,JBM Auto Limited,"65,887",0,0,2983681
604,HCG,HCG.NS,Healthcare Global Enterprises Limited,"65,701",0,0,3982081
605,SATIA,SATIA.NS,Satia Industries Limited,"65,200",0,0,2827521
606,TAJGVK,TAJGVK.NS,Taj GVK Hotels & Resorts Limited,"64,833",0,0,2394625
607,INSECTICID,INSECTICID.NS,Insecticides (India) Limited,"64,556",0,0,3752193
608,DAAWAT,DAAWAT.NS,LT Foods Limited,"63,809",0,0,3536897
609,EIHAHOTELS,EIHAHOTELS.NS,EIH Associated Hotels Limited,"63,541",0,0,3942145
610,MATRIMONY,MATRIMONY.NS,Matrimony.Com Limited,"63,065",0,0,5561857
611,GOCLCORP,GOCLCORP.NS,GOCL Corporation Limited,"62,957",0,0,1014529
612,SUNDARMHLD,SUNDARMHLD.NS,Sundaram Finance Holdings Limited,"62,784",0,0,558849
613,JINDWORLD,JINDWORLD.NS,Jindal Worldwide Limited,"62,161",0,0,5284353
614,DOLLAR,DOLLAR.NS,Dollar Industries Limited,"62,161",0,0,5263361
615,RTNPOWER,RTNPOWER.NS,RattanIndia Power Limited,"61,619",0,0,4485121
616,TNPL,TNPL.NS,Tamil Nadu Newsprint & Papers Limited,"61,563",0,0,1018881
617,NBVENTURES,NBVENTURES.NS,Nava Bharat Ventures Limited,"60,266",0,0,1027585
618,DPSCLTD,DPSCLTD.NS,DPSC Limited,"59,888",0,0,3947265
619,HCC,HCC.NS,Hindustan Construction Company Limited,"59,765",0,0,352001
620,SPENCERS,SPENCERS.NS,Spencer's Retail Limited,"59,054",0,0,2089729
621,WELENT,WELENT.NS,Welspun Enterprises Limited,"59,012",0,0,2976257
622,TAKE,TAKE.NS,Take Solutions Limited,"58,656",0,1,3818753
623,HIMATSEIDE,HIMATSEIDE.NS,Himatsingka Seide Limited,"58,631",0,0,348161
624,ANANTRAJ,ANANTRAJ.NS,Anant Raj Limited,"58,429",0,1,3486721
625,INDIANHUME,INDIANHUME.NS,Indian Hume Pipe Company Limited,"58,064",0,0,391681
626,AUTOAXLES,AUTOAXLES.NS,Automotive Axles Limited,"58,038",0,0,71169
627,IGARASHI,IGARASHI.NS,Igarashi Motors India Limited,"58,024",0,0,162305
628,JMCPROJECT,JMCPROJECT.NS,JMC Projects (India)  Limited,"57,927",0,0,1134081
629,VSTTILLERS,VSTTILLERS.NS,V.S.T Tillers Tractors Limited,"57,751",0,0,6218753
630,EXCELINDUS,EXCELINDUS.NS,Excel Industries Limited,"57,669",0,1,2936577
631,FOSECOIND,FOSECOIND.NS,Foseco India Limited,"57,596",0,0,274689
632,IMPAL,IMPAL.NS,India Motor Parts and Accessories Limited,"57,445",0,0,3074305
633,KITEX,KITEX.NS,Kitex Garments Limited,"57,390",0,0,7398145
634,ENIL,ENIL.NS,Entertainment Network (India) Limited,"57,181",0,1,3377153
635,NRBBEARING,NRBBEARING.NS,NRB Bearing Limited,"57,136",0,0,1933569
636,SASKEN,SASKEN.NS,Sasken Technologies Limited,"57,111",0,0,3067649
637,JKIL,JKIL.NS,J.Kumar Infraprojects Limited,"56,938",0,0,3908097
638,MARKSANS,MARKSANS.NS,Marksans Pharma Limited,"56,895",0,0,2708225
639,GMBREW,GMBREW.NS,GM Breweries Limited,"56,496",0,0,299009
640,TIMETECHNO,TIMETECHNO.NS,Time Technoplast Limited,"56,424",0,1,3764993
641,ANDHRAPAP,ANDHRAPAP.NS,ANDHRA PAPER LIMITED,"56,314",0,0,42497
642,ORISSAMINE,ORISSAMINE.NS,The Orissa Minerals Development Company Limited,"56,196",0,0,5102337
643,OCCL,OCCL.NS,Oriental Carbon & Chemicals Limited,"55,820",0,0,3131137
644,MSTCLTD,MSTCLTD.NS,Mstc Limited,"55,792",0,1,2395137
645,KSL,KSL.NS,Kalyani Steels Limited,"55,614",0,0,4835585
646,SSWL,SSWL.NS,Steel Strips Wheels Limited,"55,273",0,0,3028225
647,KCP,KCP.NS,KCP Limited,"55,178",0,0,471297
648,DHAMPURSUG,DHAMPURSUG.NS,Dhampur Sugar Mills Limited,"54,670",0,0,219393
649,ALOKINDS,ALOKINDS.NS,Alok Industries Limited,"54,404",0,0,4524801
650,BFUTILITIE,BFUTILITIE.NS,BF Utilities Limited,"54,317",0,0,3729153
651,PRABHAT,PRABHAT.NS,Prabhat Dairy Limited,"53,820",0,0,2726401
652,PARAGMILK,PARAGMILK.NS,Parag Milk Foods Limited,"53,707",0,0,4385281
653,GALLISPAT,GALLISPAT.NS,Gallantt Ispat Limited,"53,649",0,0,5155841
654,GATI,GATI.NS,GATI Limited,"53,166",0,0,3504129
655,SNOWMAN,SNOWMAN.NS,Snowman Logistics Limited,"52,716",0,0,1239809
656,APEX,APEX.NS,Apex Frozen Foods Limited,"52,672",0,0,5535489
657,CLNINDIA,CLNINDIA.NS,Clariant Chemicals (India) Limited,"52,465",0,0,183041
658,CIGNITITEC,CIGNITITEC.NS,Cigniti Technologies Limited,"52,394",0,0,1316353
659,TEXRAIL,TEXRAIL.NS,Texmaco Rail & Engineering Limited,"52,179",0,0,5587969
660,NUCLEUS,NUCLEUS.NS,Nucleus Software Exports Limited,"52,172",0,0,2762497
661,QUICKHEAL,QUICKHEAL.NS,Quick Heal Technologies Limited,"51,909",0,0,3357697
662,BODALCHEM,BODALCHEM.NS,Bodal Chemicals Limited,"51,868",0,0,6404353
663,SRIPIPES,SRIPIPES.NS,Srikalahasthi Pipes Limited,"51,625",0,0,3821313
664,RADIOCITY,RADIOCITY.NS,Music Broadcast Limited,"51,507",0,0,5089537
665,NXTDIGITAL,NXTDIGITAL.NS,NXTDIGITAL LIMITED,"51,430",0,0,3724033
666,VINDHYATEL,VINDHYATEL.NS,Vindhya Telelinks Limited,"51,397",0,0,945665
667,ITDCEM,ITDCEM.NS,ITD Cementation India Limited,"51,107",0,0,1439233
668,LGBBROSLTD,LGBBROSLTD.NS,LG Balakrishnan & Bros Limited,"51,060",0,0,4690177
669,ASHIANA,ASHIANA.NS,Ashiana Housing Limited,"50,971",0,0,6247169
670,ARVIND,ARVIND.NS,Arvind Limited,"50,848",0,0,49409
671,PFS,PFS.NS,PTC India Financial Services Limited,"50,740",0,0,5786113
672,SIRCA,SIRCA.NS,Sirca Paints India Limited,"50,712",0,0,2828801
673,SHANKARA,SHANKARA.NS,Shankara Building Products Limited,"50,623",0,0,5202177
674,SHANTIGEAR,SHANTIGEAR.NS,Shanthi Gears Limited,"50,326",0,0,787969
675,SHALBY,SHALBY.NS,Shalby Limited,"49,847",0,0,182785
676,CAPACITE,CAPACITE.NS,Capacit'e Infraprojects Limited,"49,832",0,1,5567745
677,RKFORGE,RKFORGE.NS,Ramkrishna Forgings Limited,"49,828",0,0,2921217
678,RELIGARE,RELIGARE.NS,Religare Enterprises Limited,"49,173",0,0,3857409
679,SHIL,SHIL.NS,Somany Home Innovation Limited,"49,125",0,0,4066049
680,USHAMART,USHAMART.NS,Usha Martin Limited,"48,759",0,0,2263041
681,ASIANTILES,ASIANTILES.NS,Asian Granito India Limited,"48,697",0,0,3811585
682,ANDHRSUGAR,ANDHRSUGAR.NS,The Andhra Sugars Limited,"47,993",0,0,34817
683,MOLDTKPAC,MOLDTKPAC.NS,Mold-Tek Packaging Limited,"47,924",0,0,1718529
684,SADBHIN,SADBHIN.NS,Sadbhav Infrastructure Project Limited,"47,903",0,0,2718209
685,BEPL,BEPL.NS,Bhansali Engineering Polymers Limited,"47,864",0,0,107265
686,STERTOOLS,STERTOOLS.NS,Sterling Tools Limited,"47,696",0,0,1100545
687,MAXVIL,MAXVIL.NS,Max Ventures and Industries Limited,"47,646",0,0,4471809
688,POWERMECH,POWERMECH.NS,Power Mech Projects Limited,"47,626",0,0,2681089
689,SANGHIIND,SANGHIIND.NS,Sanghi Industries Limited,"47,314",0,0,767233
690,CAMLINFINE,CAMLINFINE.NS,Camlin Fine Sciences Limited,"47,289",0,0,1591297
691,HIL,HIL.NS,HIL Limited,"47,128",0,0,372481
692,ICIL,ICIL.NS,Indo Count Industries Limited,"46,981",0,0,3068673
693,HBLPOWER,HBLPOWER.NS,HBL Power Systems Limited,"46,980",0,0,3575297
694,GTPL,GTPL.NS,GTPL Hathway Limited,"46,953",0,0,5425921
695,BANCOINDIA,BANCOINDIA.NS,Banco Products (I) Limited,"46,523",0,1,3553281
696,SADBHAV,SADBHAV.NS,Sadbhav Engineering Limited,"46,496",0,0,3388417
697,RANEHOLDIN,RANEHOLDIN.NS,Rane Holdings Limited,"46,032",0,0,728065
698,HINDOILEXP,HINDOILEXP.NS,Hindustan Oil Exploration Company Limited,"45,972",0,1,359169
699,FSC,FSC.NS,Future Supply Chain Solutions Limited,"45,880",0,0,190465
700,MAGMA,MAGMA.NS,Magma Fincorp Limited,"45,804",0,0,2919169
701,MASTEK,MASTEK.NS,Mastek Limited,"45,754",0,0,543745
702,OAL,OAL.NS,Oriental Aromatics Limited,"45,533",0,0,2756609
703,PCJEWELLER,PCJEWELLER.NS,PC Jeweller Limited,"45,228",0,0,7455745
704,WABAG,WABAG.NS,VA Tech Wabag Limited,"45,038",0,0,5168129
705,ASTRAMICRO,ASTRAMICRO.NS,Astra Microwave Products Limited,"44,951",0,0,2974209
706,TTKHLTCARE,TTKHLTCARE.NS,TTK Healthcare Limited,"44,934",0,0,2910465
707,TIIL,TIIL.NS,Technocraft Industries (India) Limited,"44,533",0,0,3641089
708,MIRZAINT,MIRZAINT.NS,Mirza International Limited,"44,333",0,0,1124865
709,KINGFA,KINGFA.NS,Kingfa Science & Technology (India) Limited,"44,276",0,0,4849665
710,SUNFLAG,SUNFLAG.NS,Sunflag Iron And Steel Company Limited,"43,613",0,0,857089
711,KIRLOSIND,KIRLOSIND.NS,Kirloskar Industries Limited,"43,495",0,0,4870401
712,SMLISUZU,SMLISUZU.NS,SML Isuzu Limited,"43,437",0,0,867073
713,GEOJITFSL,GEOJITFSL.NS,Geojit Financial Services Limited,"43,371",0,0,3045377
715,PNBGILTS,PNBGILTS.NS,PNB Gilts Limited,"43,112",0,0,2236417
716,MOREPENLAB,MOREPENLAB.NS,Morepen Laboratories Limited,"42,923",0,0,578305
717,INDNIPPON,INDNIPPON.NS,India Nippon Electricals Limited,"42,902",0,0,1215233
718,SARDAEN,SARDAEN.NS,Sarda Energy & Minerals Limited,"42,358",0,0,4546049
719,KICL,KICL.NS,Kalyani Investment Company Limited,"41,710",0,0,5406465
720,MUTHOOTCAP,MUTHOOTCAP.NS,Muthoot Capital Services Limited,"41,292",0,0,2666241
721,EBIXFOREX,EBIXFOREX.NS,EBIXCASH WORLD MONEY INDIA LIMITED,"41,168",0,0,6244097
722,JPPOWER,JPPOWER.NS,Jaiprakash Power Ventures Limited,"41,043",0,0,3011329
723,MANINFRA,MANINFRA.NS,Man Infraconstruction Limited,"40,961",0,0,4665857
724,INOXWIND,INOXWIND.NS,Inox Wind Limited,"40,833",0,0,2010113
725,DREDGECORP,DREDGECORP.NS,Dredging Corporation of India Limited,"40,726",0,0,2885377
726,KOKUYOCMLN,KOKUYOCMLN.NS,Kokuyo Camlin Limited,"40,523",0,0,4307713
727,COSMOFILMS,COSMOFILMS.NS,Cosmo Films Limited,"40,445",0,0,189953
728,CONFIPET,CONFIPET.NS,Confidence Petroleum India Limited,"40,391",0,0,2620929
729,OLECTRA,OLECTRA.NS,Olectra Greentech Limited,"40,384",0,0,2723073
730,MMFL,MMFL.NS,MM Forgings Limited,"40,375",0,0,3544065
731,ELECTCAST,ELECTCAST.NS,Electrosteel Castings Limited,"40,265",0,0,237569
732,APCOTEXIND,APCOTEXIND.NS,Apcotex Industries Limited,"40,102",0,0,39425
733,MANGLMCEM,MANGLMCEM.NS,Mangalam Cement Limited,"40,041",0,0,539137
734,ZEELEARN,ZEELEARN.NS,Zee Learn Limited,"39,620",0,0,5338113
735,REPRO,REPRO.NS,Repro India Limited,"39,543",0,0,3360257
736,TEXINFRA,TEXINFRA.NS,Texmaco Infrastructure & Holdings Limited,"39,439",0,0,2956545
737,FEL,FEL.NS,Future Enterprises Limited,"39,351",0,0,2692097
738,FILATEX,FILATEX.NS,Filatex India Limited,"39,214",0,0,6280193
739,DALMIASUG,DALMIASUG.NS,Dalmia Bharat Sugar and Industries Limited,"39,094",0,0,199937
740,HMT,HMT.NS,HMT Limited,"39,092",0,0,5042689
741,SOMANYCERA,SOMANYCERA.NS,Somany Ceramics Limited,"38,989",0,0,993281
742,MPSLTD,MPSLTD.NS,MPS Limited,"38,956",0,0,2707969
743,ACE,ACE.NS,Action Construction Equipment Limited,"38,868",0,0,3478273
744,RGL,RGL.NS,Renaissance Global Limited,"38,505",0,0,3873025
745,PUNJABCHEM,PUNJABCHEM.NS,Punjab Chemicals & Crop Protection Limited,"38,221",0,0,1112065
746,BALAJITELE,BALAJITELE.NS,Balaji Telefilms Limited,"38,177",0,0,2344449
748,MTNL,MTNL.NS,Mahanagar Telephone Nigam Limited,"38,115",0,0,587265
749,CENTRUM,CENTRUM.NS,Centrum Capital Limited,"37,651",0,0,628225
750,GUFICBIO,GUFICBIO.NS,Gufic Biosciences Limited,"37,242",0,0,2971137
752,GPIL,GPIL.NS,Godawari Power And Ispat limited,"36,875",0,0,3432705
753,THEINVEST,THEINVEST.NS,The Investment Trust Of India Limited,"36,839",0,0,5485313
754,EVEREADY,EVEREADY.NS,Eveready Industries India Limited,"36,671",0,0,3016193
755,NACLIND,NACLIND.NS,NACL Industries Limited,"36,665",0,0,5228801
756,NEULANDLAB,NEULANDLAB.NS,Neuland Laboratories Limited,"36,302",0,0,615937
757,TIRUMALCHM,TIRUMALCHM.NS,Thirumalai Chemicals Limited,"36,245",0,0,894977
758,AVTNPL,AVTNPL.NS,AVT Natural Products Limited,"36,015",0,0,3586049
759,GENUSPOWER,GENUSPOWER.NS,Genus Power Infrastructures Limited,"35,902",0,0,3047681
760,GANECOS,GANECOS.NS,Ganesha Ecosphere Limited,"35,888",0,0,1777665
761,WENDT,WENDT.NS,Wendt (India) Limited,"35,631",0,0,1084161
762,GVKPIL,GVKPIL.NS,GVK Power & Infrastructure Limited,"35,532",0,0,335617
763,XCHANGING,XCHANGING.NS,Xchanging Solutions Limited,"35,482",0,0,2996481
764,PATELENG,PATELENG.NS,Patel Engineering Limited,"35,478",0,0,2994945
765,TTML,TTML.NS,Tata Teleservices (Maharashtra) Limited,"35,189",0,0,2293249
766,GREENPANEL,GREENPANEL.NS,Greenpanel Industries Limited,"35,071",0,0,3535361
767,RPOWER,RPOWER.NS,Reliance Power Limited,"35,064",0,0,3906817
768,ARMANFIN,ARMANFIN.NS,Arman Financial Services Limited,"35,026",0,0,4419329
769,SANDESH,SANDESH.NS,The Sandesh Limited,"34,702",0,0,764929
770,NBIFIN,NBIFIN.NS,N. B. I. Industrial Finance Company Limited,"34,658",0,0,4892417
771,PRICOLLTD,PRICOLLTD.NS,Pricol Limited,"34,601",0,0,5025537
772,BORORENEW,BORORENEW.NS,BOROSIL RENEWABLES LIMITED,"34,419",0,0,806145
773,SURYAROSNI,SURYAROSNI.NS,Surya Roshni Limited,"34,223",0,0,864001
774,ADFFOODS,ADFFOODS.NS,ADF Foods Limited,"34,039",0,0,5058817
775,SAREGAMA,SAREGAMA.NS,Saregama India Limited,"34,031",0,0,1252353
776,LUMAXTECH,LUMAXTECH.NS,Lumax Auto Technologies Limited,"33,977",0,0,3587585
777,SHREDIGCEM,SHREDIGCEM.NS,Shree Digvijay Cement Co.Ltd,"33,576",0,0,793345
778,PRAKASH,PRAKASH.NS,Prakash Industries Limited,"33,396",0,0,693249
779,APTECHT,APTECHT.NS,Aptech Limited,"33,311",0,0,2753281
780,FIEMIND,FIEMIND.NS,Fiem Industries Limited,"33,308",0,0,3509761
781,SHARDAMOTR,SHARDAMOTR.NS,Sharda Motor Industries Limited,"33,258",0,0,2695681
782,ANUP,ANUP.NS,The Anup Engineering Limited,"33,245",0,0,2307585
783,BHAGERIA,BHAGERIA.NS,Bhageria Industries Limited,"33,017",0,0,3430401
784,CANTABIL,CANTABIL.NS,Cantabil Retail India Limited,"32,867",0,0,5160961
785,AHLWEST,AHLWEST.NS,Asian Hotels (West) Limited,"32,851",0,0,4957697
786,UNITECH,UNITECH.NS,Unitech Limited,"32,704",0,0,2276609
787,IFGLEXPOR,IFGLEXPOR.NS,IFGL Refractories Limited,"32,652",0,0,111617
788,CENTUM,CENTUM.NS,Centum Electronics Limited,"32,579",0,0,3835393
789,THANGAMAYL,THANGAMAYL.NS,Thangamayil Jewellery Limited,"32,522",0,0,4638209
790,SATIN,SATIN.NS,Satin Creditcare Network Limited,"32,446",0,0,2675969
791,VADILALIND,VADILALIND.NS,Vadilal Industries Limited,"32,281",0,0,6194177
792,BBL,BBL.NS,Bharat Bijlee Limited,"32,188",0,0,3522817
793,SUTLEJTEX,SUTLEJTEX.NS,Sutlej Textiles and Industries Limited,"32,110",0,0,3533057
794,APOLLOPIPE,APOLLOPIPE.NS,Apollo Pipes Limited,"32,098",0,0,3676417
795,ZOTA,ZOTA.NS,Zota Health Care LImited,"31,990",0,0,2916865
796,GICHSGFIN,GICHSGFIN.NS,GIC Housing Finance Limited,"31,988",0,0,291585
797,CGPOWER,CGPOWER.NS,CG Power and Industrial Solutions Limited,"31,651",0,0,194561
798,CESCVENT,CESCVENT.NS,CESC Ventures Limited,"31,270",0,0,2078465
799,SREEL,SREEL.NS,Sreeleathers Limited,"31,180",0,0,8150273
800,DWARKESH,DWARKESH.NS,Dwarikesh Sugar Industries Limited,"31,164",0,0,2986753
801,INDRAMEDCO,INDRAMEDCO.NS,Indraprastha Medical Corporation Limited,"31,077",0,0,1216257
802,RIIL,RIIL.NS,Reliance Industrial Infrastructure Limited,"30,895",0,0,745473
803,ORIENTHOT,ORIENTHOT.NS,Oriental Hotels Limited,"30,808",0,0,638209
804,GTLINFRA,GTLINFRA.NS,GTL Infrastructure Limited,"30,798",0,0,3518721
805,NELCO,NELCO.NS,NELCO Limited,"30,782",0,0,611329
806,ORIENTPPR,ORIENTPPR.NS,Orient Paper & Industries Limited,"30,767",0,0,638977
807,ATULAUTO,ATULAUTO.NS,Atul Auto Limited,"30,578",0,0,7685889
808,CONTROLPR,CONTROLPR.NS,Control Print Limited,"30,418",0,0,4474113
809,GNA,GNA.NS,GNA Axles Limited,"30,288",0,0,4754177
810,AMBIKCO,AMBIKCO.NS,Ambika Cotton Mills Limited,"30,225",0,0,3899905
811,NSIL,NSIL.NS,Nalwa Sons Investments Limited,"30,129",0,0,2877185
812,BAJAJHIND,BAJAJHIND.NS,Bajaj Hindusthan Sugar Limited,"30,039",0,0,78849
813,IMFA,IMFA.NS,Indian Metals & Ferro Alloys Limited,"29,985",0,0,4924161
814,SUMMITSEC,SUMMITSEC.NS,Summit Securities Limited,"29,964",0,0,5446401
815,EMAMIPAP,EMAMIPAP.NS,Emami Paper Mills Limited,"29,947",0,0,2578945
816,BLS,BLS.NS,BLS International Services Limited,"29,864",0,0,4423425
817,VHL,VHL.NS,Vardhman Holdings Limited,"29,826",0,0,3044353
818,DYNAMATECH,DYNAMATECH.NS,Dynamatic Technologies Limited,"29,396",0,0,1158401
819,TEJASNET,TEJASNET.NS,Tejas Networks Limited,"29,391",0,0,5409537
820,INDORAMA,INDORAMA.NS,Indo Rama Synthetics (India) Limited,"29,375",0,0,2814209
821,IGPL,IGPL.NS,IG Petrochemicals Limited,"29,317",0,0,3606017
822,PLASTIBLEN,PLASTIBLEN.NS,Plastiblends India Limited,"29,186",0,0,3563521
823,HSIL,HSIL.NS,HSIL Limited,"29,172",0,0,361473
824,5PAISA,5PAISA.NS,5Paisa Capital Limited,"28,828",0,0,113921
825,MANGCHEFER,MANGCHEFER.NS,Mangalore Chemicals & Fertilizers Limited,"28,799",0,0,3841793
826,TWL,TWL.NS,Titagarh Wagons Limited,"28,786",0,0,3945985
827,ASALCBR,ASALCBR.NS,Associated Alcohols & Breweries Ltd.,"28,547",0,0,4505089
828,RTNINFRA,RTNINFRA.NS,RattanIndia Infrastructure Limited,"28,337",0,0,6988033
829,RPGLIFE,RPGLIFE.NS,RPG Life Sciences Limited,"28,083",0,0,4281601
830,HMVL,HMVL.NS,Hindustan Media Ventures Limited,"27,926",0,0,4918017
831,BRNL,BRNL.NS,Bharat Road Network Limited,"27,745",0,0,5550849
832,MONTECARLO,MONTECARLO.NS,Monte Carlo Fashions Limited,"27,636",0,0,1520129
833,RBL,RBL.NS,Rane Brake Lining Limited,"27,556",0,0,4286721
834,GKWLIMITED,GKWLIMITED.NS,GKW Limited,"27,506",0,0,4444161
835,DECCANCE,DECCANCE.NS,Deccan Cements Limited,"27,476",0,0,3798529
836,TFCILTD,TFCILTD.NS,Tourism Finance Corporation of India Limited,"27,323",0,0,887297
837,SUVEN,SUVEN.NS,Suven Life Sciences Limited,"27,238",0,0,2875649
838,DHFL,DHFL.NS,Dewan Housing Finance Corporation Limited,"27,146",0,0,215553
839,UNIENTER,UNIENTER.NS,Uniphos Enterprises Limited,"27,123",0,0,2891009
840,RICOAUTO,RICOAUTO.NS,Rico Auto Industries Limited,"26,922",0,0,744705
841,UNIVCABLES,UNIVCABLES.NS,Universal Cables Limited,"26,919",0,0,923393
842,NAVKARCORP,NAVKARCORP.NS,Navkar Corporation Limited,"26,868",0,0,2702593
843,RELINFRA,RELINFRA.NS,Reliance Infrastructure Limited,"26,825",0,0,141569
844,SHALPAINTS,SHALPAINTS.NS,Shalimar Paints Limited,"26,716",0,0,3927553
845,NELCAST,NELCAST.NS,Nelcast Limited,"26,448",0,0,3778817
846,TDPOWERSYS,TDPOWERSYS.NS,TD Power Systems Limited,"26,247",0,0,6445569
847,KESORAMIND,KESORAMIND.NS,Kesoram Industries Limited,"26,165",0,0,475905
848,CENTENKA,CENTENKA.NS,Century Enka Limited,"26,002",0,0,158465
849,ZUARI,ZUARI.NS,Zuari Agro Chemicals Limited,"25,971",0,0,7436801
850,LINCOLN,LINCOLN.NS,Lincoln Pharmaceuticals Limited,"25,850",0,0,2968577
851,MUNJALAU,MUNJALAU.NS,Munjal Auto Industries Limited,"25,850",0,0,3458817
852,NATHBIOGEN,NATHBIOGEN.NS,Nath Bio-Genes (India) Limited,"25,712",0,0,2832641
853,JPASSOCIAT,JPASSOCIAT.NS,Jaiprakash Associates Limited,"25,541",0,0,2933761
854,NRAIL,NRAIL.NS,N R Agarwal Industries Limited,"25,256",0,0,5200385
855,ADORWELD,ADORWELD.NS,Ador Welding Limited,"25,212",0,0,8705
856,DICIND,DICIND.NS,DIC India Limited,"24,907",0,0,179969
857,KUANTUM,KUANTUM.NS,Kuantum Papers Limited,"24,905",0,0,3550721
858,HINDNATGLS,HINDNATGLS.NS,Hindusthan National Glass & Industries Limited,"24,762",0,0,4363777
859,GANDHITUBE,GANDHITUBE.NS,Gandhi Special Tubes Limited,"24,436",0,0,3613697
860,NCLIND,NCLIND.NS,NCL Industries Limited,"24,380",0,0,3709441
861,HARITASEAT,HARITASEAT.NS,Harita Seating Systems Limited,"24,368",0,0,4365313
862,GLOBUSSPR,GLOBUSSPR.NS,Globus Spirits Limited,"24,321",0,0,4460545
863,ALICON,ALICON.NS,Alicon Castalloy Limited,"24,258",0,0,3495937
864,DATAMATICS,DATAMATICS.NS,Datamatics Global Services Limited,"24,199",0,0,2924289
865,VISHWARAJ,VISHWARAJ.NS,Vishwaraj Sugar Industries Limited,"24,055",0,0,3507713
866,SPIC,SPIC.NS,Southern Petrochemicals Industries Corporation  Limited,"24,030",0,0,832513
867,ARVSMART,ARVSMART.NS,Arvind SmartSpaces Limited,"24,016",0,0,2676993
868,PGIL,PGIL.NS,Pearl Global Industries Limited,"23,863",0,0,3650561
869,APCL,APCL.NS,Anjani Portland Cement Limited,"23,857",0,0,5235969
870,AVADHSUGAR,AVADHSUGAR.NS,Avadh Sugar & Energy Limited,"23,652",0,0,5479937
871,PRECAM,PRECAM.NS,Precision Camshafts Limited,"23,556",0,0,3226369
872,MANINDS,MANINDS.NS,Man Industries (India) Limited,"23,412",0,0,3042305
873,HTMEDIA,HTMEDIA.NS,HT Media Limited,"23,275",0,0,3066625
874,MUNJALSHOW,MUNJALSHOW.NS,Munjal Showa Limited,"23,269",0,0,590593
875,ZODIACLOTH,ZODIACLOTH.NS,Zodiac Clothing Company Limited,"23,253",0,0,978177
876,GRAVITA,GRAVITA.NS,Gravita India Limited,"23,093",0,0,5256705
877,AJMERA,AJMERA.NS,Ajmera Realty & Infra India Limited,"22,959",0,0,4430593
878,MEP,MEP.NS,MEP Infrastructure Developers Limited,"22,839",0,0,2245377
879,VIDHIING,VIDHIING.NS,Vidhi Specialty Food Ingredients Limited,"22,800",0,0,3465217
880,SMSPHARMA,SMSPHARMA.NS,SMS Pharmaceuticals Limited,"22,771",0,0,3668225
881,SHREEPUSHK,SHREEPUSHK.NS,Shree Pushkar Chemicals & Fertilisers Limited,"22,598",0,0,2710529
882,GIRRESORTS,GIRRESORTS.NS,GIR Natureview Resorts Limited,"22,472",0,0,2543361
883,RAMCOSYS,RAMCOSYS.NS,Ramco Systems Limited,"22,444",0,0,2009857
884,SHRIRAMEPC,SHRIRAMEPC.NS,Shriram EPC Limited,"22,345",0,0,3918849
885,CAREERP,CAREERP.NS,Career Point Limited,"22,322",0,0,5142017
886,TNPETRO,TNPETRO.NS,Tamilnadu PetroProducts Limited,"22,313",0,0,898305
887,IFBAGRO,IFBAGRO.NS,IFB Agro Industries Limited,"22,312",0,0,379393
888,MARINE,MARINE.NS,Marine Electricals (India) Limited,"22,092",0,0,339969
889,THEMISMED,THEMISMED.NS,Themis Medicare Limited,"22,025",0,0,3708161
890,NECLIFE,NECLIFE.NS,Nectar Lifesciences Limited,"21,978",0,0,3053313
891,UFO,UFO.NS,UFO Moviez India Limited,"21,802",0,0,2313985
892,JAYBARMARU,JAYBARMARU.NS,Jay Bharat Maruti Limited,"21,715",0,0,437249
893,SHAKTIPUMP,SHAKTIPUMP.NS,Shakti Pumps (India) Limited,"21,670",0,0,6547969
894,DLINKINDIA,DLINKINDIA.NS,D-Link (India) Limited,"21,658",0,0,4569857
895,VARDHACRLC,VARDHACRLC.NS,Vardhman Acrylics Limited,"21,497",0,0,2872321
896,PENIND,PENIND.NS,Pennar Industries Limited,"21,482",0,0,5278977
897,VISAKAIND,VISAKAIND.NS,Visaka Industries Limited,"21,400",0,0,1080577
898,LINCPEN,LINCPEN.NS,Linc Pen & Plastics Limited,"21,277",0,0,1779457
899,CEREBRAINT,CEREBRAINT.NS,Cerebra Integrated Technologies Limited,"21,268",0,0,7683073
900,ELECON,ELECON.NS,Elecon Engineering Company Limited,"21,262",0,0,3492609
901,63MOONS,63MOONS.NS,63 moons technologies limited,"21,219",0,0,3038977
902,RUBYMILLS,RUBYMILLS.NS,The Ruby Mills Limited,"21,017",0,0,752385
903,3IINFOTECH,3IINFOTECH.NS,3i Infotech Limited,"21,016",0,0,3014145
904,MAHESHWARI,MAHESHWARI.NS,Maheshwari Logistics Limited,"20,807",0,0,2451713
905,EVERESTIND,EVERESTIND.NS,Everest Industries Limited,"20,695",0,0,254209
906,MAHEPC,MAHEPC.NS,Mahindra EPC Irrigation Limited,"20,656",0,0,4506369
907,DHANBANK,DHANBANK.NS,Dhanlaxmi Bank Limited,"20,367",0,0,2907905
908,ESTER,ESTER.NS,Ester Industries Limited,"20,056",0,0,6211841
909,GOLDIAM,GOLDIAM.NS,Goldiam International Limited,"20,038",0,0,3064577
910,SANGHVIMOV,SANGHVIMOV.NS,Sanghvi Movers Limited,"19,977",0,0,3598849
911,HLVLTD,HLVLTD.NS,HLV LIMITED,"19,862",0,0,370689
912,PPAP,PPAP.NS,PPAP Automotive Limited,"19,838",0,0,3893505
913,MADRASFERT,MADRASFERT.NS,Madras Fertilizers Limited,"19,815",0,0,1257217
914,CHEMBOND,CHEMBOND.NS,Chembond Chemicals Ltd,"19,742",0,0,3742209
915,UTTAMSUGAR,UTTAMSUGAR.NS,Uttam Sugar Mills Limited,"19,641",0,0,3424257
916,BINDALAGRO,BINDALAGRO.NS,Oswal Chemicals & Fertilizers Limited,"19,261",0,0,120577
917,HIRECT,HIRECT.NS,Hind Rectifiers Limited,"19,139",0,0,3555841
918,SKIPPER,SKIPPER.NS,Skipper Limited,"19,097",0,0,2413569
919,SDBL,SDBL.NS,Som Distilleries & Breweries Limited,"19,051",0,0,342529
920,MARATHON,MARATHON.NS,Marathon Nextgen Realty Limited,"19,044",0,0,4776705
921,TI,TI.NS,Tilaknagar Industries Limited,"18,895",0,0,4914177
922,CUPID,CUPID.NS,Cupid Limited,"18,820",0,0,4741121
923,MUKANDLTD,MUKANDLTD.NS,Mukand Limited,"18,807",0,0,2899201
924,STCINDIA,STCINDIA.NS,The State Trading Corporation of India Limited,"18,570",0,0,2802689
925,SASTASUNDR,SASTASUNDR.NS,Sastasundar Ventures Limited,"18,450",0,0,5136129
926,PTL,PTL.NS,PTL Enterprises Limited,"18,334",0,0,3609857
927,MCL,MCL.NS,Madhav Copper Limited,"18,267",0,0,5724161
928,JAIBALAJI,JAIBALAJI.NS,Jai Balaji Industries Limited,"18,226",0,0,2881537
929,ALBERTDAVD,ALBERTDAVD.NS,Albert David Limited,"18,180",0,0,4417537
930,SREINFRA,SREINFRA.NS,SREI Infrastructure Finance Limited,"18,111",0,0,836353
931,EIFFL,EIFFL.NS,Euro India Fresh Foods Limited,"18,104",0,0,5183745
932,ARTEMISMED,ARTEMISMED.NS,Artemis Medicare Services Limited,"18,093",0,0,4356865
933,RCOM,RCOM.NS,Reliance Communications Limited,"17,976",0,0,3375873
934,NAGAFERT,NAGAFERT.NS,Nagarjuna Fertilizers and Chemicals Limited,"17,942",0,0,4428545
935,MANAKSIA,MANAKSIA.NS,Manaksia Limited,"17,792",0,0,3890945
936,ASHAPURMIN,ASHAPURMIN.NS,Ashapura Minechem Limited,"17,789",0,0,51969
937,ALLSEC,ALLSEC.NS,Allsec Technologies Limited,"17,600",0,0,3020289
938,V2RETAIL,V2RETAIL.NS,V2 Retail Limited,"17,565",0,0,3781121
939,ZENTEC,ZENTEC.NS,Zen Technologies Limited,"17,554",0,0,1922049
940,SUBEX,SUBEX.NS,Subex Limited,"17,422",0,0,247553
941,RSWM,RSWM.NS,RSWM Limited,"17,416",0,0,1866753
942,MANALIPETC,MANALIPETC.NS,Manali Petrochemicals Limited,"17,372",0,0,3531777
943,MENONBE,MENONBE.NS,Menon Bearings Limited,"17,316",0,0,1784577
944,JAYAGROGN,JAYAGROGN.NS,Jayant Agro Organics Limited,"17,295",0,0,1034497
945,LIBERTSHOE,LIBERTSHOE.NS,Liberty Shoes Limited,"17,287",0,0,510465
946,BUTTERFLY,BUTTERFLY.NS,Butterfly Gandhimathi Appliances Limited,"17,120",0,0,695297
947,PANAMAPET,PANAMAPET.NS,Panama Petrochem Limited,"17,089",0,0,6500353
949,RML,RML.NS,Rane (Madras) Limited,"17,050",0,0,3065601
950,RAMANEWS,RAMANEWS.NS,Shree Rama Newsprint Limited,"16,965",0,0,3472641
951,ZEEMEDIA,ZEEMEDIA.NS,Zee Media Corporation Limited,"16,948",0,0,3584769
952,ARSHIYA,ARSHIYA.NS,Arshiya Limited,"16,731",0,0,4562177
953,VSSL,VSSL.NS,Vardhman Special Steels Limited,"16,703",0,0,6929153
954,ORBTEXP,ORBTEXP.NS,Orbit Exports Limited,"16,676",0,0,8057601
955,RAJTV,RAJTV.NS,Raj Television Network Limited,"16,664",0,0,3687169
956,NDTV,NDTV.NS,New Delhi Television Limited,"16,408",0,0,2925313
957,JISLJALEQS,JISLJALEQS.NS,Jain Irrigation Systems Limited,"16,380",0,0,2661633
958,FCL,FCL.NS,Fineotex Chemical Limited,"16,361",0,0,1586689
959,HERCULES,HERCULES.NS,Hercules Hoists Limited,"16,320",0,0,3913729
960,DVL,DVL.NS,Dhunseri Ventures Limited,"16,234",0,0,3894785
961,HINDCOMPOS,HINDCOMPOS.NS,Hindustan Composites Limited,"16,216",0,0,351233
962,NIPPOBATRY,NIPPOBATRY.NS,Indo-National Limited,"16,183",0,0,1736193
963,UCALFUEL,UCALFUEL.NS,Ucal Fuel Systems Limited,"16,077",0,0,913921
964,DCW,DCW.NS,DCW Limited,"16,022",0,0,209153
965,GAYAPROJ,GAYAPROJ.NS,Gayatri Projects Limited,"16,005",0,0,6405889
966,OSIAHYPER,OSIAHYPER.NS,Osia Hyper Retail Limited,"15,955",0,0,2438145
967,INFOBEAN,INFOBEAN.NS,InfoBeans Technologies Limited,"15,922",0,0,2822913
968,KARDA,KARDA.NS,Karda Constructions Limited,"15,898",0,0,602625
969,GALLANTT,GALLANTT.NS,Gallantt Metal Limited,"15,858",0,0,3414273
970,PRECWIRE,PRECWIRE.NS,Precision Wires India Limited,"15,796",0,0,695553
971,NITINSPIN,NITINSPIN.NS,Nitin Spinners Limited,"15,770",0,0,3373569
972,THEJO,THEJO.NS,Thejo Engineering Limited,"15,557",0,0,7383553
973,GULFPETRO,GULFPETRO.NS,GP Petroleums Limited,"15,550",0,0,2964737
974,JETAIRWAYS,JETAIRWAYS.NS,Jet Airways (India) Limited,"15,506",0,0,3435521
975,POKARNA,POKARNA.NS,Pokarna Limited,"15,502",0,0,4518657
976,SPAL,SPAL.NS,S. P. Apparels Limited,"15,480",0,0,4672513
977,MSPL,MSPL.NS,MSP Steel & Power Limited,"15,417",0,0,3051265
978,AKASH,AKASH.NS,Akash Infra-Projects Limited,"15,336",0,0,3458561
979,3RDROCK,3RDROCK.NS,3rd Rock Multimedia Limited,"15,316",0,0,1438977
980,ALANKIT,ALANKIT.NS,Alankit Limited,"15,297",0,0,2539777
981,KAYA,KAYA.NS,Kaya Limited,"15,233",0,0,2630657
982,GUJAPOLLO,GUJAPOLLO.NS,Gujarat Apollo Industries Limited,"15,194",0,0,3757313
983,VIPULLTD,VIPULLTD.NS,Vipul Limited,"15,118",0,0,2156545
984,BGRENERGY,BGRENERGY.NS,BGR Energy Systems Limited,"15,118",0,0,3889409
985,ORICONENT,ORICONENT.NS,Oricon Enterprises Limited,"14,998",0,0,2600705
986,CREST,CREST.NS,Crest Ventures Limited,"14,908",0,0,3558401
987,ONMOBILE,ONMOBILE.NS,OnMobile Global Limited,"14,903",0,0,3911169
988,MMP,MMP.NS,MMP Industries Limited,"14,873",0,0,4197121
989,AHLEAST,AHLEAST.NS,Asian Hotels (East) Limited,"14,871",0,0,4976129
990,KCPSUGIND,KCPSUGIND.NS,KCP Sugar and Industries Corporation Limited,"14,853",0,0,1231105
991,HITECHGEAR,HITECHGEAR.NS,The Hi-Tech Gears Limited,"14,789",0,0,2193409
992,BCG,BCG.NS,Brightcom Group Limited,"14,764",0,0,2261249
993,EXPLEOSOL,EXPLEOSOL.NS,Expleo Solutions Limited,"14,717",0,0,4476417
994,RAMKY,RAMKY.NS,Ramky Infrastructure Limited,"14,670",0,0,5154305
995,TCPLPACK,TCPLPACK.NS,TCPL Packaging Limited,"14,460",0,0,47105
996,MBAPL,MBAPL.NS,Madhya Bharat Agro Products Limited,"14,404",0,0,3252481
997,SANGAMIND,SANGAMIND.NS,Sangam (India) Limited,"14,389",0,0,1071105
998,CHEMFAB,CHEMFAB.NS,Chemfab Alkalis Limited,"14,057",0,0,716545
999,GOKEX,GOKEX.NS,Gokaldas Exports Limited,"13,938",0,0,3015169
1000,ADVANIHOTR,ADVANIHOTR.NS,Advani Hotels & Resorts (India) Limited,"13,912",0,0,3775745
